geographic_area,city,median_income,percent_completed_hs,poverty_rate,share_white,share_black,share_native_american,share_asian,share_hispanic,count
AL,Abbeville,25615.0,69.1,29.1,54.4,41.4,0.1,1.0,3.1,1
AL,Arab,40292.0,87.6,16.7,96.6,0.1,0.6,0.7,1.7,1
AL,Ashville,40547.0,77.6,28.3,75.8,20.3,0.2,0.3,3.8,1
AL,Bay Minette,31576.0,79.1,26.3,60.4,35.3,1.0,0.8,1.8,1
AL,Birmingham,31061.0,85.1,30.9,22.3,73.4,0.2,1.0,3.6,3
AL,Clanton,39823.0,76.8,16.9,74.9,19.1,0.3,0.6,6.0,2
AL,Clay,68717.0,92.2,6.6,84.1,13.3,0.3,0.6,1.3,1
AL,Dadeville,29368.0,73.7,28.8,50.2,47.5,0.3,0.6,0.9,1
AL,Deer Park,,86.3,28.1,31.9,66.5,0.0,0.0,1.6,1
AL,Eufaula,32845.0,81.5,25.3,51.0,44.6,0.5,0.6,4.3,1
AL,Gadsden,29136.0,78.3,29.4,57.3,36.3,0.4,0.6,5.4,1
AL,Homewood,61626.0,93.5,12.7,74.6,17.3,0.2,2.2,7.3,2
AL,Hoover,77146.0,95.2,6.0,75.1,14.8,0.2,5.1,6.0,1
AL,Huntsville,48775.0,90.2,18.2,60.3,31.2,0.6,2.4,5.8,4
AL,Meridianville,68368.0,86.6,15.4,76.3,18.5,0.7,1.7,2.7,1
AL,Millbrook,58330.0,91.3,11.6,74.2,21.6,0.4,0.8,2.8,1
AL,Mobile,38776.0,86.9,23.3,45.0,50.6,0.3,1.8,2.4,1
AL,Monroeville,30678.0,82.3,36.7,42.1,55.7,0.3,0.3,0.8,1
AL,Montgomery,42927.0,85.5,24.1,37.3,56.6,0.2,2.2,3.9,1
AL,Muscle Shoals,48896.0,88.7,10.7,80.6,15.3,0.3,0.9,2.7,1
AL,Opelika,40489.0,83.7,23.0,50.6,43.5,0.3,1.7,4.4,1
AL,Opp,34695.0,77.4,25.9,80.9,16.7,0.6,0.3,0.9,1
AL,Oxford,51375.0,83.5,11.7,80.5,12.6,0.4,1.1,6.6,1
AL,Phenix City,36698.0,84.8,21.0,48.7,46.6,0.3,0.7,4.0,4
AL,Piedmont,28884.0,76.8,25.6,87.0,10.0,0.5,0.1,1.3,1
AL,Rainbow City,49338.0,92.5,17.7,87.4,7.2,0.4,2.6,2.4,1
AL,Saraland,52621.0,85.4,11.2,83.7,12.0,0.8,0.6,2.5,1
AL,Selma,22414.0,77.8,41.9,18.0,80.3,0.2,0.6,0.6,1
AL,Sylacauga,33407.0,82.5,29.8,66.6,30.2,0.4,0.5,2.3,1
AL,Tuscaloosa,39351.0,87.3,25.1,53.8,41.5,0.2,1.8,3.0,1
AL,Tuscumbia,41176.0,86.2,15.3,75.9,21.2,0.4,0.3,1.4,1
AL,Westover,58906.0,85.2,13.4,93.6,2.5,0.9,0.5,2.3,1
AK,Anchorage,78326.0,93.0,8.2,66.0,5.6,7.9,8.1,7.6,3
AK,Barrow,76902.0,84.6,11.7,16.9,1.0,61.2,9.1,3.1,1
AK,Big Lake,70988.0,90.4,9.6,86.1,0.2,7.0,0.5,3.1,1
AK,Fairbanks,55229.0,91.2,13.1,66.1,9.0,10.0,3.6,9.0,5
AK,Houston,50438.0,90.2,14.8,82.2,0.4,6.7,0.6,3.3,1
AK,Wasilla,61541.0,91.8,11.7,83.4,1.4,5.2,2.1,4.3,2
AZ,Apache Junction,35671.0,85.5,24.0,89.5,1.2,1.1,0.8,14.4,2
AZ,Avondale,55100.0,79.0,18.6,58.1,9.3,1.7,3.5,50.3,3
AZ,Bisbee,31010.0,87.3,29.1,84.2,1.4,1.5,0.5,36.2,1
AZ,Buckeye,58939.0,84.3,14.8,65.7,7.1,1.8,1.8,38.3,1
AZ,Bullhead City,35948.0,82.7,19.7,81.9,1.3,1.1,1.4,23.7,1
AZ,Casa Grande,44348.0,86.4,16.9,67.3,4.6,4.6,1.8,39.0,1
AZ,Chandler,72695.0,91.5,10.0,73.3,4.8,1.5,8.2,21.9,2
AZ,Cottonwood,41875.0,84.6,9.6,0.4,0.0,99.6,0.0,0.0,2
AZ,Cottonwood,36440.0,84.9,19.9,83.6,0.8,1.8,0.9,22.8,2
AZ,Eagar,50675.0,89.2,18.0,87.8,0.6,3.4,0.2,18.8,3
AZ,Flagstaff,48680.0,91.3,24.2,73.4,1.9,11.7,1.9,18.4,3
AZ,Florence,47891.0,75.6,16.8,63.4,6.3,14.4,0.9,31.2,1
AZ,Gilbert,82424.0,95.6,6.6,81.8,3.4,0.8,5.8,14.9,2
AZ,Glendale,46776.0,83.6,21.7,67.8,6.0,1.7,3.9,35.5,7
AZ,Golden Shores,29118.0,77.9,7.4,94.2,0.3,1.0,0.3,7.7,1
AZ,Golden Valley,33639.0,81.6,25.1,90.9,0.5,1.5,0.9,10.5,1
AZ,Goodyear,70323.0,92.1,8.8,71.9,6.7,1.3,4.3,27.8,1
AZ,Kearny,43563.0,87.7,21.2,83.2,0.5,0.8,0.4,41.6,1
AZ,Kingman,43246.0,87.0,20.7,88.0,1.0,1.7,1.7,12.5,5
AZ,Lake Havasu City,42847.0,88.5,13.8,90.1,0.7,1.0,1.0,12.1,1
AZ,Marana,74438.0,94.1,5.8,82.0,2.5,1.2,3.8,22.1,1
AZ,Maricopa,65793.0,91.7,8.1,70.2,9.7,2.0,4.1,24.4,1
AZ,Mesa,48809.0,87.5,16.5,77.1,3.5,2.4,1.9,26.4,6
AZ,Morenci,65706.0,94.3,6.8,70.7,2.4,2.9,0.7,53.1,1
AZ,Parker,43271.0,80.4,15.4,44.4,1.4,20.6,0.8,41.9,1
AZ,Phoenix,47326.0,80.7,23.1,65.9,6.5,2.2,3.2,40.8,31
AZ,Pima,47277.0,87.8,22.5,87.4,0.4,0.6,0.1,20.9,1
AZ,Prescott,44846.0,92.8,15.5,92.1,0.7,1.1,1.2,8.6,2
AZ,San Manuel,43629.0,87.2,17.1,78.1,0.8,2.4,0.5,49.9,1
AZ,Scottsdale,73288.0,96.2,9.5,89.3,1.7,0.8,3.3,8.8,3
AZ,Show Low,42614.0,88.7,18.4,87.6,0.4,4.1,0.8,12.8,1
AZ,Sierra Vista,59091.0,93.2,12.7,74.5,9.0,1.1,4.1,19.4,1
AZ,Somerton,31540.0,51.0,31.5,64.4,0.9,0.8,0.4,95.9,1
AZ,Sun City,36365.0,91.0,8.4,96.5,1.4,0.2,0.7,2.8,2
AZ,Surprise,59916.0,92.9,9.8,80.6,5.1,0.7,2.6,18.5,1
AZ,Tempe,49012.0,91.7,21.6,72.6,5.9,2.9,5.7,21.1,6
AZ,Tucson,37149.0,84.2,25.3,69.7,5.0,2.7,2.9,41.6,14
AZ,Wilhoit,34167.0,80.1,24.0,94.2,0.2,0.7,0.2,9.3,1
AZ,Winslow,34211.0,79.6,30.1,53.4,5.7,25.7,1.0,32.8,1
AZ,Yuma,43754.0,77.5,18.4,68.8,3.2,1.8,1.9,54.8,1
AR,Austin,70652.0,95.9,7.7,94.2,2.0,0.3,0.4,4.3,1
AR,Benton,51778.0,87.0,11.4,88.8,6.0,0.5,0.9,4.5,2
AR,Bull Shoals,35737.0,93.4,13.9,97.5,0.1,0.4,0.3,1.4,1
AR,Cabot,57790.0,92.4,11.4,93.1,1.6,0.6,1.5,4.1,1
AR,Dover,33917.0,85.2,23.6,94.6,0.4,1.9,0.1,3.6,1
AR,England,31577.0,82.3,29.9,64.1,33.6,0.2,0.1,1.9,1
AR,Farmington,50609.0,92.3,11.4,90.2,1.2,1.1,1.2,5.9,1
AR,Fayetteville,39432.0,91.7,24.0,83.8,6.0,1.1,3.1,6.4,2
AR,Jonesboro,41688.0,89.1,23.7,74.7,18.4,0.4,1.5,5.2,1
AR,Little Rock,46085.0,90.7,17.8,48.9,42.3,0.4,2.7,6.8,4
AR,Manila,30114.0,80.7,32.6,96.4,0.5,0.3,0.1,2.9,1
AR,Marion,61669.0,89.3,10.9,68.1,28.0,0.4,1.5,2.0,1
AR,Mena,28509.0,88.8,18.5,94.4,0.2,1.6,0.8,3.4,1
AR,Mountain Pine,31333.0,69.4,25.0,74.2,20.4,1.2,0.5,3.2,1
AR,Perryville,37137.0,85.8,14.0,96.9,0.2,0.5,0.1,1.7,1
AR,Sheridan,45966.0,90.4,10.2,95.0,1.6,0.4,0.5,2.8,1
AR,Springdale,42319.0,71.7,23.3,64.7,1.8,1.0,2.0,35.4,1
AR,Strong,19931.0,74.4,23.0,31.5,60.8,0.2,0.2,8.2,1
AR,West Memphis,30627.0,80.6,30.9,34.4,63.5,0.2,0.4,1.6,1
CA,Aguanga,43505.0,81.1,7.0,82.4,1.0,1.8,2.1,24.3,1
CA,Alhambra,53582.0,80.7,15.8,28.3,1.5,0.6,52.9,34.4,1
CA,Alpine,77883.0,90.3,8.8,87.3,1.2,1.6,2.2,14.6,1
CA,Anaheim,60752.0,75.8,16.5,52.7,2.8,0.8,14.8,52.8,5
CA,Anderson,32536.0,85.0,24.6,83.3,0.7,4.3,2.6,10.8,1
CA,Antelope,63607.0,91.2,13.0,63.8,8.8,0.9,13.3,14.5,1
CA,Antioch,64329.0,86.9,15.4,48.9,17.3,0.9,10.5,31.7,2
CA,Apple Valley,47938.0,86.0,20.6,69.1,9.1,1.1,2.9,29.2,1
CA,Atascadero,66607.0,92.6,11.0,86.4,2.1,1.0,2.4,15.6,1
CA,Atwater,41414.0,72.5,26.2,65.4,4.3,1.3,5.0,52.6,1
CA,Avenal,32432.0,48.8,36.4,39.0,10.5,1.2,0.7,71.8,1
CA,Azusa,53135.0,77.7,17.6,57.6,3.2,1.2,8.7,67.6,3
CA,Bakersfield,57095.0,79.6,19.8,56.8,8.2,1.5,6.2,45.5,13
CA,Barstow,39632.0,79.8,33.7,52.3,14.6,2.1,3.2,42.8,2
CA,Beaumont,64830.0,86.8,11.8,62.8,6.2,1.5,7.7,40.3,1
CA,Bell,37269.0,47.4,27.7,53.8,0.9,0.9,0.7,93.1,1
CA,Bellflower,48823.0,77.6,17.9,42.2,14.0,1.0,11.6,52.3,1
CA,Boulder Creek,79964.0,93.5,10.9,90.0,1.1,0.6,1.6,7.4,1
CA,Brawley,37637.0,70.4,25.2,54.4,2.0,1.0,1.4,81.5,1
CA,Burbank,66076.0,88.7,11.0,72.7,2.5,0.5,11.6,24.5,2
CA,Burbank,65472.0,85.0,12.1,60.8,2.7,1.3,7.7,50.9,2
CA,Byron,74583.0,73.0,3.6,71.3,4.8,0.9,0.3,39.4,1
CA,Cabazon,35833.0,74.1,30.7,69.1,5.3,3.6,1.5,44.8,1
CA,Calexico,34742.0,56.6,27.4,60.0,0.3,0.5,1.3,96.8,1
CA,Calimesa,46025.0,88.3,14.8,86.0,1.1,1.3,1.3,22.4,1
CA,Camarillo,88152.0,92.2,6.4,75.1,1.9,0.6,10.2,22.9,1
CA,Campo,57521.0,75.8,26.8,77.6,4.2,3.4,1.2,29.6,1
CA,Carmichael,54322.0,93.4,16.6,80.6,4.8,0.9,4.3,11.7,2
CA,Carson,72421.0,79.6,10.9,23.8,23.8,0.6,25.6,38.6,1
CA,Castaic,104427.0,91.9,6.8,71.6,3.3,0.6,11.4,24.8,1
CA,Cathedral City,39872.0,75.3,23.1,63.5,2.6,1.1,5.0,58.8,1
CA,Ceres,47858.0,67.9,17.9,57.7,2.6,1.3,6.8,56.0,1
CA,Cerritos,90321.0,91.7,4.8,23.1,6.9,0.3,61.9,12.0,2
CA,Chico,42342.0,92.0,24.9,80.8,2.1,1.4,4.2,15.4,4
CA,Chino,72872.0,77.7,11.6,56.4,6.2,1.0,10.5,53.8,2
CA,Chowchilla,34559.0,68.3,32.1,61.6,12.6,2.0,2.1,37.8,1
CA,Chula Vista,65185.0,80.9,12.5,53.7,4.6,0.8,14.4,58.2,1
CA,Citrus Heights,50047.0,89.9,15.4,80.3,3.3,0.9,3.3,16.5,3
CA,Clovis,62666.0,88.9,13.8,70.9,2.7,1.4,10.7,25.6,1
CA,Coalinga,51860.0,73.0,23.2,57.8,4.1,1.3,3.0,53.5,1
CA,Colton,41565.0,70.1,22.1,43.4,9.7,1.3,5.0,71.0,1
CA,Compton,43507.0,60.1,26.6,25.9,32.9,0.7,0.3,65.0,3
CA,Concord,68318.0,87.1,13.3,64.5,3.6,0.7,11.1,30.6,1
CA,Corning,31667.0,75.3,29.6,71.9,0.6,2.6,1.1,42.7,1
CA,Cottonwood,39085.0,79.0,34.4,85.8,0.1,3.0,3.3,10.6,1
CA,Delano,35933.0,55.0,30.3,36.4,7.9,0.9,12.7,71.5,1
CA,Delhi,49716.0,55.5,17.3,52.6,1.1,1.5,3.8,71.7,1
CA,Del Mar,107013.0,98.8,3.5,94.0,0.2,0.2,2.8,4.2,1
CA,Desert Edge,31261.0,79.6,25.3,79.8,0.4,0.9,0.7,31.9,1
CA,Dinuba,36860.0,58.6,28.6,52.0,0.7,0.9,2.1,84.4,1
CA,Douglas City,31776.0,94.1,40.8,89.6,0.0,3.1,1.1,6.6,1
CA,Downey,62897.0,76.1,11.4,56.6,3.9,0.7,7.0,70.7,1
CA,Dunsmuir,24770.0,88.3,24.5,87.5,1.9,1.0,0.9,10.1,2
CA,El Cajon,45925.0,80.4,24.2,69.3,6.3,0.8,3.6,28.2,2
CA,Elk Grove,79487.0,90.5,10.4,46.1,11.2,0.6,26.3,18.0,1
CA,El Monte,38085.0,57.8,24.9,38.8,0.8,1.0,25.1,69.0,2
CA,Emeryville,77806.0,96.9,11.9,44.5,17.5,0.4,27.5,9.2,1
CA,Encinitas,95149.0,94.4,8.1,85.8,0.6,0.5,3.9,13.7,1
CA,Escondido,50899.0,73.6,18.7,60.4,2.5,1.0,6.1,48.9,1
CA,Eureka,37094.0,86.5,24.5,79.3,1.9,3.7,4.2,11.6,1
CA,Fairfield,67364.0,85.6,13.2,46.0,15.7,0.8,14.9,27.3,1
CA,Fair Oaks,73115.0,94.3,11.9,85.7,2.4,0.8,4.2,9.6,2
CA,Fontana,64824.0,72.5,16.1,47.4,10.0,1.0,6.6,66.8,3
CA,Fountain Valley,82367.0,90.2,8.1,56.5,0.9,0.4,33.3,13.1,1
CA,Fremont,105355.0,92.3,6.1,32.8,3.3,0.5,50.6,14.8,3
CA,Fresno,41531.0,75.2,29.8,49.6,8.3,1.7,12.6,46.9,11
CA,Fullerton,65974.0,86.6,16.8,53.9,2.3,0.6,22.8,34.4,1
CA,Gardena,47674.0,81.8,15.0,24.6,24.4,0.6,26.2,37.7,1
CA,Gilroy,83027.0,77.0,15.1,58.7,1.9,1.7,7.1,57.8,1
CA,Glendale,52574.0,84.4,14.6,71.1,1.3,0.3,16.4,17.4,1
CA,Grass Valley,33700.0,88.7,28.4,89.4,0.4,1.6,1.5,10.4,1
CA,Grover Beach,54228.0,85.9,13.8,75.7,1.1,1.4,4.1,29.2,1
CA,Hacienda Heights,78039.0,85.8,7.9,40.5,1.4,0.6,37.1,45.5,1
CA,Hawaiian Gardens,37571.0,58.8,30.7,45.4,3.8,1.2,10.6,77.2,1
CA,Hawthorne,44504.0,73.8,20.1,32.8,27.7,0.7,6.7,52.9,1
CA,Hayward,65096.0,80.1,13.4,34.2,11.9,1.0,22.0,40.7,2
CA,Hemet,33989.0,79.5,26.0,67.7,6.4,1.6,3.0,35.8,6
CA,Hesperia,44874.0,77.2,24.8,61.1,5.8,1.2,2.1,48.9,1
CA,Highgrove,43021.0,69.0,31.9,52.8,4.1,1.0,2.8,65.3,1
CA,Highland,53851.0,75.0,20.7,52.4,11.1,1.0,7.4,48.1,1
CA,Huntington Beach,83252.0,92.4,9.4,76.7,1.0,0.5,11.1,17.1,1
CA,Huntington Park,34887.0,41.4,29.6,51.2,0.8,1.3,0.7,97.1,1
CA,Indio,50525.0,73.7,19.5,61.5,2.4,1.0,2.2,67.8,3
CA,Inglewood,42044.0,72.5,22.4,23.3,43.9,0.7,1.4,50.6,2
CA,Inyokern,67994.0,94.5,1.9,84.6,1.3,2.2,2.3,10.6,1
CA,Irvine,92278.0,96.3,12.3,50.5,1.8,0.2,39.2,9.2,1
CA,Ladera Heights,102281.0,97.2,6.8,15.1,73.7,0.3,3.6,5.5,1
CA,Lake Elsinore,61248.0,76.9,14.6,60.0,5.3,0.9,5.8,48.4,2
CA,Lakewood,79193.0,87.9,7.9,56.0,8.7,0.7,16.4,30.1,1
CA,La Mirada,79330.0,88.8,7.5,60.7,2.3,0.8,17.8,39.7,1
CA,Lancaster,47225.0,81.4,23.5,49.6,20.5,1.0,4.3,38.0,2
CA,La Quinta,71091.0,89.6,9.6,78.7,1.9,0.6,3.1,30.3,1
CA,Lemoore,49623.0,84.6,15.6,56.8,6.4,1.4,8.2,40.0,1
CA,Lincoln,72399.0,93.0,9.1,79.6,1.5,0.9,6.2,17.7,1
CA,Lodi,49316.0,80.4,17.4,68.7,0.8,0.9,6.9,36.4,1
CA,Lompoc,44866.0,74.7,21.3,61.2,5.7,1.8,3.8,50.8,1
CA,Long Beach,52783.0,79.4,20.6,46.1,13.5,0.7,12.9,40.8,11
CA,Los Angeles,50205.0,75.5,22.1,49.8,9.6,0.7,11.3,48.5,39
CA,Lynwood,43109.0,52.8,25.3,39.3,10.3,0.7,0.7,86.6,1
CA,Madera,40457.0,58.2,27.6,49.9,3.4,3.1,2.2,76.7,1
CA,Marina,54193.0,83.1,15.3,45.2,7.5,0.7,19.9,27.2,1
CA,Maywood,35582.0,41.2,30.1,52.0,0.6,0.8,0.3,97.4,1
CA,Meadow Vista,77228.0,94.1,5.4,93.8,0.0,0.7,1.1,5.3,1
CA,Merced,37627.0,74.5,31.9,52.2,6.3,1.5,11.8,49.6,1
CA,Modesto,48577.0,81.2,20.5,65.0,4.2,1.2,6.7,35.5,5
CA,Montclair,49366.0,70.1,16.9,52.7,5.2,1.2,9.3,70.2,1
CA,Montebello,45875.0,71.7,14.0,53.8,0.9,1.0,11.0,79.3,1
CA,Monterey,66166.0,94.3,9.1,78.3,2.8,0.5,7.9,13.7,1
CA,Moreno Valley,54590.0,75.2,19.3,41.9,18.0,0.9,6.1,54.4,2
CA,Napa,68038.0,80.9,9.5,75.1,0.6,0.8,2.3,37.6,3
CA,Needles,30443.0,82.1,27.7,75.7,2.0,8.2,0.7,22.4,1
CA,Newark,86757.0,87.7,7.9,41.3,4.7,0.7,27.2,35.2,2
CA,Newman,50225.0,76.0,19.8,66.6,2.3,1.0,1.9,61.6,1
CA,Newport Beach,113071.0,97.7,7.1,87.3,0.7,0.3,7.0,7.2,1
CA,Norwalk,59756.0,73.5,14.3,49.4,4.4,1.1,12.0,70.1,1
CA,Oakland,54618.0,80.4,20.4,34.5,28.0,0.8,16.8,25.4,7
CA,Olivehurst,44065.0,69.6,18.8,62.5,2.4,2.9,5.7,36.6,1
CA,Ontario,54114.0,70.6,18.1,51.0,6.4,1.0,5.2,69.0,4
CA,Orange,78513.0,84.2,13.2,67.1,1.6,0.7,11.3,38.1,2
CA,Oxnard,60621.0,65.6,16.6,48.2,2.9,1.5,7.4,73.5,1
CA,Palmdale,52392.0,74.2,21.3,49.0,14.8,0.9,4.3,54.4,2
CA,Palm Springs,44075.0,87.5,18.9,75.7,4.4,1.0,4.4,25.3,1
CA,Palo Alto,136519.0,97.4,5.4,64.2,1.9,0.2,27.1,6.2,1
CA,Pico Rivera,55752.0,68.2,13.7,59.4,1.0,1.4,2.6,91.2,1
CA,Pleasanton,124759.0,95.2,4.4,67.0,1.7,0.3,23.2,10.3,2
CA,Pomona,49186.0,67.5,22.1,48.0,7.3,1.2,8.5,70.5,1
CA,Porterville,38456.0,66.9,30.9,58.8,1.2,1.9,4.7,61.9,1
CA,Poway,95815.0,93.0,6.0,76.9,1.6,0.6,10.2,15.7,1
CA,Rancho Cordova,52530.0,89.3,17.2,60.4,10.1,1.0,12.1,19.7,2
CA,Rancho Santa Margarita,105328.0,95.2,4.0,78.2,1.9,0.4,9.1,18.6,1
CA,Redding,43341.0,90.6,18.8,85.8,1.2,2.3,3.4,8.7,2
CA,Redlands,65212.0,90.4,14.3,69.0,5.2,0.9,7.6,30.3,1
CA,Rialto,50971.0,67.4,19.7,44.0,16.4,1.1,2.3,67.6,2
CA,Ripon,80734.0,90.6,9.8,79.7,1.5,0.9,4.2,22.2,2
CA,Riverside,57196.0,78.5,18.8,56.5,7.0,1.1,7.4,49.0,1
CA,Rocklin,80177.0,95.8,8.6,82.6,1.5,0.7,7.2,11.5,1
CA,Rosemead,44906.0,66.2,19.3,21.1,0.5,0.7,60.7,33.8,1
CA,Sacramento,50739.0,83.4,22.0,45.0,14.6,1.1,18.3,26.9,5
CA,Salinas,49840.0,59.5,20.2,45.8,2.0,1.3,6.3,75.0,1
CA,San Bernardino,37047.0,68.2,33.4,45.6,15.0,1.3,4.0,60.0,9
CA,Sand City,40625.0,79.6,30.8,66.8,3.9,0.9,4.8,36.8,2
CA,San Diego,66116.0,87.3,15.4,58.9,6.7,0.6,15.9,28.8,9
CA,San Fernando,55170.0,58.5,18.9,51.0,0.9,1.3,1.0,92.5,1
CA,San Francisco,81294.0,87.0,13.2,48.5,6.1,0.5,33.3,15.1,11
CA,San Jose,84647.0,82.7,11.3,42.8,3.2,0.9,32.0,33.2,11
CA,San Marcos,57822.0,81.4,16.0,63.5,2.3,0.7,9.0,36.6,1
CA,San Mateo,90208.0,88.0,7.6,57.8,2.4,0.5,18.9,26.6,1
CA,Santa Ana,52253.0,54.8,22.1,45.9,1.5,1.0,10.5,78.2,8
CA,Santa Barbara,66107.0,84.1,13.9,75.1,1.6,1.0,3.5,38.0,1
CA,Santa Clara,98914.0,91.9,8.4,45.0,2.7,0.5,37.7,19.4,2
CA,Santa Clarita,83554.0,89.0,9.3,70.9,3.2,0.6,8.5,29.5,1
CA,Santa Cruz,62164.0,92.8,23.8,74.5,1.8,0.7,7.7,19.4,1
CA,Santa Maria,50433.0,58.7,21.2,56.2,1.7,1.8,5.1,70.4,2
CA,Santa Monica,76580.0,95.3,11.3,77.6,3.9,0.4,9.0,13.1,1
CA,Santa Nella,28144.0,58.7,58.7,60.3,1.6,1.8,2.2,70.1,1
CA,Santa Paula,52824.0,64.3,18.0,63.0,0.5,1.6,0.7,79.5,1
CA,Santee,76104.0,92.9,7.8,82.5,2.0,0.8,3.8,16.3,1
CA,Saratoga,169189.0,98.2,3.6,53.9,0.3,0.1,41.4,3.5,1
CA,Seaside,51704.0,75.8,18.7,48.4,8.4,1.1,9.7,43.4,1
CA,Selma,42948.0,62.0,24.3,55.4,1.2,2.1,4.6,77.6,1
CA,Shafter,40881.0,57.9,21.7,48.0,1.3,1.2,0.7,80.3,1
CA,Smartsville,25063.0,100.0,3.7,88.7,0.0,2.8,0.0,10.2,1
CA,Solvang,67484.0,92.8,11.1,82.5,0.7,1.1,1.4,29.2,1
CA,South El Monte,40938.0,49.9,20.5,50.4,0.5,1.2,11.0,84.9,1
CA,South Gate,43552.0,52.4,20.0,50.5,0.9,0.9,0.8,94.8,3
CA,South Lake Tahoe,39793.0,84.6,18.5,73.5,0.9,1.1,5.5,31.1,1
CA,Stockton,44797.0,74.9,25.3,37.0,12.2,1.1,21.5,40.3,7
CA,Sunnyvale,105401.0,91.4,7.5,43.0,2.0,0.5,40.9,18.9,3
CA,Tehachapi,41705.0,75.6,22.0,65.4,9.0,1.4,1.7,37.9,1
CA,Temecula,79925.0,91.4,7.0,70.8,4.1,1.1,9.8,24.7,3
CA,Torrance,79549.0,93.5,7.0,51.1,2.7,0.4,34.5,16.1,1
CA,Turlock,51401.0,81.2,17.5,69.8,1.7,0.9,5.6,36.4,1
CA,Tustin,71897.0,83.5,13.6,52.6,2.3,0.6,20.3,39.7,1
CA,Twentynine Palms,41582.0,89.9,17.9,71.6,8.2,1.3,3.9,20.8,1
CA,Union City,85521.0,87.8,8.1,23.9,6.3,0.5,50.9,22.9,1
CA,Vacaville,74001.0,88.4,10.7,66.3,10.3,0.9,6.1,22.9,1
CA,Valinda,65849.0,66.2,12.5,48.5,1.9,1.1,11.9,78.8,1
CA,Vallejo,57028.0,87.4,18.3,32.8,22.1,0.7,24.9,22.6,2
CA,Visalia,52157.0,82.7,21.3,64.5,2.1,1.4,5.4,46.0,2
CA,Vista,50601.0,76.9,17.8,63.5,3.3,1.2,4.2,48.4,2
CA,Walnut Creek,82120.0,97.3,5.9,78.7,1.6,0.2,12.5,8.6,1
CA,Wasco,39580.0,51.1,32.7,49.2,7.6,1.1,0.7,76.7,1
CA,Watsonville,46018.0,56.3,19.7,43.7,0.7,1.2,3.3,81.4,1
CA,West Covina,69189.0,83.1,10.3,42.8,4.5,1.0,25.8,53.2,1
CA,West Goshen,20700.0,49.1,76.4,54.0,0.4,2.0,1.4,70.1,1
CA,Whittier,66457.0,83.3,12.5,64.6,1.3,1.3,3.8,65.7,2
CA,Winchester,58103.0,73.6,14.1,62.2,1.5,0.7,1.8,48.7,1
CA,Windsor,85291.0,86.8,4.1,73.9,0.8,2.2,3.0,31.8,1
CA,Yorba Linda,117855.0,95.5,3.6,75.1,1.3,0.4,15.6,14.4,1
CA,Yreka,28333.0,84.4,34.3,83.6,0.7,6.3,1.2,9.7,1
CA,Yuba City,50649.0,78.3,18.5,57.6,2.5,1.4,17.2,28.4,1
CO,Aurora,53011.0,86.5,15.3,61.1,15.7,1.0,4.9,28.7,6
CO,Boulder,58484.0,96.3,23.1,88.0,0.9,0.4,4.7,8.7,4
CO,Brighton,61051.0,82.5,9.9,77.4,1.5,1.4,1.3,40.5,1
CO,Broomfield,81898.0,95.7,6.5,86.1,1.1,0.6,6.1,11.1,1
CO,Centennial,91941.0,97.6,5.0,87.3,3.3,0.4,4.4,7.4,1
CO,Colorado City,52697.0,100.0,21.5,92.8,0.9,1.5,0.2,13.8,1
CO,Colorado Springs,54527.0,93.1,13.4,78.8,6.3,1.0,3.0,16.1,5
CO,Commerce City,66053.0,80.1,15.6,69.1,3.1,1.5,2.2,46.8,1
CO,Denver,53637.0,86.1,17.3,68.9,10.2,1.4,3.4,31.8,11
CO,Dinosaur,42083.0,78.3,18.5,95.0,0.6,2.9,0.3,8.0,1
CO,Eldorado Springs,119115.0,100.0,4.7,92.5,0.3,0.9,1.9,4.1,1
CO,Englewood,47046.0,88.1,16.5,84.4,2.2,1.4,1.9,18.1,1
CO,Evans,47791.0,76.3,16.6,76.5,0.9,1.2,0.9,43.1,2
CO,Federal Heights,36800.0,72.9,19.0,71.3,1.3,1.6,4.6,47.6,1
CO,Fort Collins,55647.0,96.0,18.6,89.0,1.2,0.6,2.9,10.1,4
CO,Fountain,57057.0,95.5,8.6,71.9,10.0,1.6,2.4,19.4,1
CO,Grand Junction,45358.0,91.3,18.9,88.7,0.8,1.0,1.1,13.9,3
CO,Greeley,48813.0,83.6,20.2,79.1,1.7,1.2,1.3,36.0,2
CO,Lakewood,56954.0,91.5,11.9,82.9,1.6,1.4,3.1,22.0,2
CO,Loveland,56277.0,94.1,9.1,91.5,0.6,0.8,1.0,11.7,3
CO,Mountain View,45714.0,82.2,10.7,80.1,0.4,2.4,0.6,28.4,1
CO,New Castle,66818.0,89.2,12.1,83.3,0.7,1.5,0.9,28.4,1
CO,Northglenn,55831.0,86.6,14.0,76.6,2.3,1.3,3.7,30.6,2
CO,Parker,100469.0,98.0,4.2,90.1,1.5,0.5,3.2,8.2,1
CO,Pueblo,34550.0,85.3,25.0,75.2,2.5,2.2,0.8,49.8,4
CO,Strasburg,76875.0,92.9,4.7,93.6,0.9,0.9,0.6,6.7,1
CO,Thornton,66948.0,87.5,8.9,77.4,1.8,1.1,4.4,31.7,1
CO,Trinidad,43819.0,84.1,16.9,81.5,0.9,2.6,0.9,50.0,1
CO,Westminster,67081.0,91.0,9.0,82.0,1.4,0.9,5.4,20.7,6
CT,Bridgeport,41801.0,75.6,22.9,39.6,34.6,0.5,3.4,38.2,1
CT,Mashantucket,84583.0,91.5,0.6,16.1,6.0,50.5,0.0,12.7,1
CT,Stamford,79359.0,89.0,9.4,65.0,13.9,0.3,7.9,23.8,1
CT,Thomaston,42423.0,86.3,10.8,95.3,0.5,0.4,0.5,4.5,1
DE,Claymont,47525.0,87.6,12.1,64.0,27.0,0.3,3.8,7.1,1
DE,Frederica,58000.0,81.5,15.5,68.0,19.4,0.0,0.9,12.7,1
DE,Middletown,84451.0,93.3,5.4,61.9,28.4,0.2,3.8,7.4,1
DE,New Castle,56307.0,88.8,13.7,67.3,27.2,0.3,1.2,5.4,1
DE,Smyrna,54217.0,89.9,7.6,63.1,29.1,0.3,1.5,5.9,1
DE,Wilmington,40465.0,83.2,24.5,32.6,58.0,0.4,1.0,12.4,3
DC,Washington,70848.0,89.3,18.0,38.5,50.7,0.3,3.5,9.1,11
FL,Auburndale,41827.0,81.1,17.6,80.0,12.8,0.4,1.2,13.1,1
FL,Belle Glade,30303.0,63.6,35.9,31.1,56.3,0.2,0.5,34.2,1
FL,Bradenton,40227.0,84.9,18.1,73.3,15.9,0.3,1.1,17.0,2
FL,Brooksville,30392.0,82.2,27.3,76.9,18.0,0.4,0.9,6.6,2
FL,Callahan,25641.0,81.2,27.6,89.3,7.0,0.3,0.9,2.4,1
FL,Cape Canaveral,44802.0,93.4,13.4,92.9,2.4,0.3,1.8,5.7,1
FL,Cape Coral,50536.0,90.4,14.2,88.2,4.3,0.3,1.5,19.5,2
FL,Clermont,51938.0,92.3,14.1,71.7,14.4,0.4,4.2,17.8,1
FL,Cocoa,30517.0,83.1,29.3,59.2,31.3,0.5,1.1,11.3,2
FL,Crescent City,26202.0,71.0,37.0,58.4,30.8,0.5,0.4,17.7,1
FL,Crystal Springs,27250.0,66.0,25.1,90.8,0.9,0.5,1.2,8.6,1
FL,DeLand,39382.0,87.4,20.6,74.5,17.1,0.3,1.9,12.7,2
FL,Delray Beach,50136.0,85.5,17.8,65.7,28.0,0.2,1.8,9.5,1
FL,Deltona,42077.0,88.2,16.4,76.7,10.9,0.5,1.3,30.2,4
FL,Englewood,42500.0,91.4,10.5,97.1,0.3,0.2,0.7,2.5,1
FL,Floral City,32326.0,83.9,13.6,96.2,1.3,0.5,0.3,3.2,1
FL,Fort Lauderdale,50778.0,85.9,20.7,62.6,31.0,0.3,1.5,13.7,1
FL,Fort Pierce,25635.0,76.1,36.6,45.3,40.9,0.6,0.9,21.6,3
FL,Fort Walton Beach,47149.0,89.2,17.5,77.7,12.3,0.7,3.2,7.9,2
FL,Fruitland Park,39625.0,85.0,17.3,84.7,9.4,0.2,1.5,7.7,1
FL,Gainesville,31818.0,92.1,35.6,64.9,23.0,0.3,6.9,10.0,2
FL,Gifford,30407.0,82.5,30.7,49.7,43.7,0.3,0.6,8.5,1
FL,Hallandale Beach,34216.0,85.8,22.1,73.7,18.7,0.2,1.4,31.8,1
FL,Holiday,32129.0,83.7,21.1,89.5,4.1,0.5,1.4,10.0,1
FL,Homestead,40959.0,69.1,28.8,66.9,20.4,0.4,1.2,62.9,2
FL,Immokalee,26684.0,41.3,43.9,43.2,18.9,1.0,0.2,75.6,1
FL,Jacksonville,46764.0,88.2,17.7,59.4,30.7,0.4,4.3,7.7,11
FL,Jupiter,71233.0,92.3,9.2,90.6,1.5,0.5,2.0,12.7,1
FL,Lakeland,39706.0,87.4,19.2,70.8,20.9,0.3,1.8,12.6,3
FL,Lake Wales,36296.0,77.8,28.9,65.0,27.5,0.5,0.8,15.6,1
FL,Largo,39468.0,88.0,16.2,86.3,5.6,0.3,2.7,9.0,1
FL,Lealman,30304.0,77.5,29.1,78.6,8.5,0.5,6.9,9.5,2
FL,Mascotte,44722.0,69.7,14.6,60.4,11.8,0.9,1.5,47.3,1
FL,Melbourne,40219.0,89.2,15.9,80.9,10.3,0.3,3.1,8.9,1
FL,Miami,31051.0,73.2,28.3,72.6,19.2,0.3,1.0,70.0,17
FL,Miami Beach,44342.0,87.2,17.7,87.4,4.4,0.3,1.9,53.0,1
FL,Miami Gardens,38253.0,80.3,23.1,18.3,76.3,0.2,0.6,22.0,2
FL,Micanopy,36652.0,87.6,12.7,74.2,22.2,1.3,0.2,2.8,1
FL,Middleburg,48430.0,83.5,16.8,92.9,3.1,0.6,0.7,4.1,1
FL,Milton,46040.0,90.8,15.0,77.4,13.9,0.7,2.2,4.8,1
FL,Naples,79515.0,94.1,8.8,93.3,4.2,0.1,0.6,4.5,1
FL,Navarre,67023.0,93.8,9.6,83.2,6.5,0.5,3.3,7.0,1
FL,Niceville,58954.0,94.4,14.0,87.2,4.2,0.6,3.2,4.7,1
FL,Noma,30750.0,70.1,29.8,77.7,21.3,0.0,0.0,0.0,1
FL,North Port,52571.0,90.5,12.8,87.6,7.0,0.3,1.2,8.7,1
FL,Oakland Park,45357.0,82.8,20.2,62.6,25.6,0.3,2.0,25.6,1
FL,Ocala,35924.0,86.1,22.6,70.7,20.9,0.3,2.6,11.7,2
FL,Orange City,32788.0,87.6,21.7,85.7,6.5,0.4,1.5,16.9,1
FL,Orange Park,47548.0,92.6,8.7,75.9,14.8,0.3,3.2,8.8,1
FL,Orlando,42318.0,89.5,20.2,57.6,28.1,0.4,3.8,25.4,9
FL,Palm Bay,43163.0,87.6,17.6,72.9,17.9,0.5,1.8,14.1,3
FL,Palm Beach Gardens,68802.0,94.9,6.5,89.3,4.4,0.2,3.1,8.9,1
FL,Palm Harbor,53281.0,95.5,8.4,93.5,2.0,0.2,1.6,5.9,1
FL,Panama City,37190.0,87.2,21.2,71.6,22.0,0.5,1.6,5.1,1
FL,Panama City Beach,54406.0,92.9,7.8,89.5,2.3,0.6,2.7,5.8,1
FL,Pensacola,45527.0,91.7,15.7,66.3,28.0,0.6,2.0,3.3,1
FL,Pinellas Park,41494.0,86.4,14.5,81.7,4.7,0.3,7.3,10.7,1
FL,Plantation,66647.0,93.3,10.7,69.9,20.3,0.2,3.9,20.4,1
FL,Plantation,60819.0,96.3,4.9,98.2,0.6,0.1,0.7,1.5,1
FL,Plant City,45083.0,81.0,17.0,69.5,15.1,0.6,1.4,28.8,1
FL,Pompano Beach,41321.0,82.8,23.4,62.6,28.9,0.3,1.3,17.5,2
FL,Port St. Lucie,49813.0,87.2,15.0,74.3,16.3,0.4,2.0,18.4,2
FL,Riverview,66497.0,91.9,9.5,70.2,17.0,0.4,3.1,21.0,2
FL,St. Augustine,42958.0,88.9,22.2,84.2,11.6,0.4,1.2,5.1,2
FL,St. Petersburg,45748.0,89.5,17.2,68.7,23.9,0.3,3.2,6.6,2
FL,Sneads,31607.0,79.0,30.3,78.0,18.5,0.2,0.4,2.7,1
FL,Tallahassee,39681.0,92.5,29.7,57.4,35.0,0.2,3.7,6.3,2
FL,Tampa,44185.0,86.6,21.8,62.9,26.2,0.4,3.4,23.1,5
FL,Thonotosassa,41739.0,83.6,21.5,76.7,15.6,0.5,1.7,11.8,1
FL,Titusville,40830.0,90.2,18.8,80.8,13.5,0.5,1.4,6.5,1
FL,Vero Beach,39182.0,89.2,19.9,87.5,4.8,0.3,1.8,10.7,1
FL,Wellington,81047.0,94.7,8.2,80.0,10.4,0.2,3.8,19.4,1
FL,West Palm Beach,45800.0,84.4,20.0,56.7,32.5,0.5,2.3,22.6,1
FL,Yulee,54419.0,87.6,11.5,90.5,5.6,0.4,0.9,3.1,1
GA,Acworth,53080.0,90.7,9.6,62.5,25.6,0.3,3.5,12.4,1
GA,Albany,29676.0,79.9,33.8,25.2,71.6,0.2,0.8,2.1,1
GA,Arlington,21429.0,71.2,37.5,21.7,76.1,0.2,0.0,1.6,1
GA,Atlanta,47527.0,89.0,24.6,38.4,54.0,0.2,3.1,5.2,7
GA,Austell,47378.0,84.2,17.2,33.0,55.4,0.2,1.5,11.9,1
GA,Brooklet,55185.0,93.2,10.5,85.1,11.5,0.4,0.3,1.6,1
GA,Carrollton,34055.0,78.3,28.7,58.4,31.9,0.4,1.4,10.8,1
GA,Cartersville,47611.0,81.2,14.9,70.8,18.5,0.4,1.0,12.7,2
GA,Cedartown,26897.0,62.5,31.0,56.5,18.8,0.5,1.0,31.0,1
GA,Clarkesville,38558.0,88.2,17.8,90.3,4.8,0.2,1.1,5.5,1
GA,Cochran,30273.0,75.1,38.1,48.2,48.5,0.1,1.6,1.8,1
GA,Commerce,40767.0,76.1,23.2,79.1,13.5,0.4,1.1,7.7,1
GA,Covington,36678.0,77.8,25.1,46.8,47.4,0.2,0.7,5.5,1
GA,Cumming,43491.0,81.1,20.7,76.6,2.9,0.5,1.4,31.4,1
GA,Decatur,81970.0,95.4,14.9,73.5,20.2,0.2,2.9,3.2,1
GA,Douglas,31465.0,78.0,25.8,41.6,52.0,0.2,0.9,6.3,1
GA,Douglasville,47707.0,88.7,19.1,36.0,55.9,0.2,1.8,7.2,1
GA,East Point,37049.0,84.7,27.9,16.1,74.6,0.4,0.8,11.5,2
GA,Elberton,25763.0,74.4,32.9,50.7,44.4,0.3,1.0,5.8,1
GA,Fort Valley,20962.0,74.1,45.2,13.6,81.6,0.2,0.3,5.8,1
GA,Gainesville,40706.0,71.2,28.3,54.2,15.2,0.6,3.2,41.6,1
GA,Hampton,43838.0,80.9,32.4,52.7,39.0,0.2,0.8,8.6,1
GA,Jackson,34846.0,72.8,22.8,55.3,40.9,0.2,0.5,2.9,1
GA,Jesup,32188.0,84.0,31.6,53.1,40.1,0.6,0.9,9.2,1
GA,Lawrenceville,41743.0,81.3,24.4,48.0,32.0,0.6,5.7,22.3,1
GA,Loganville,57045.0,87.4,9.2,70.0,22.1,0.3,2.3,6.8,1
GA,Ludowici,37250.0,82.3,14.9,61.8,32.0,0.6,0.5,3.9,1
GA,Lumpkin,24659.0,75.2,36.3,15.4,33.2,0.2,1.0,51.1,1
GA,Mableton,54919.0,84.1,17.6,45.6,39.5,0.7,2.2,18.5,1
GA,Marietta,44953.0,86.3,20.2,52.7,31.5,0.5,3.0,20.6,2
GA,Moultrie,25181.0,72.3,36.0,42.6,49.5,0.3,0.7,10.2,1
GA,Newnan,50052.0,87.5,22.6,58.9,30.2,0.3,2.6,11.0,1
GA,Peachtree City,85420.0,95.5,7.5,82.3,7.4,0.3,5.3,7.1,1
GA,Port Wentworth,61643.0,92.1,4.8,61.1,31.4,0.2,1.7,8.2,1
GA,Powder Springs,55528.0,88.1,18.7,41.6,49.9,0.2,1.1,9.1,1
GA,Riverdale,34158.0,85.6,29.5,8.0,80.0,0.3,6.8,6.0,1
GA,Rossville,32182.0,68.1,34.3,88.1,8.0,0.3,0.4,2.8,2
GA,Savannah,36466.0,86.0,26.5,38.3,55.4,0.3,2.0,4.7,1
GA,Smyrna,62363.0,90.5,13.4,53.8,31.6,0.4,4.9,14.9,1
GA,Stockbridge,54283.0,87.7,15.4,28.8,55.7,0.3,7.6,9.5,2
GA,Stone Mountain,36729.0,86.6,20.9,16.8,75.2,0.4,3.3,5.3,1
GA,Sylvester,28414.0,74.0,28.7,38.5,59.6,0.0,0.6,1.1,1
GA,Talking Rock,42500.0,76.7,6.7,100.0,0.0,0.0,0.0,0.0,1
GA,Tyrone,82500.0,91.6,11.8,67.5,25.3,0.2,3.4,3.6,1
GA,Valdosta,29336.0,82.6,35.0,43.3,51.1,0.3,1.7,4.0,3
GA,White,35125.0,78.6,20.2,85.5,3.4,0.0,0.0,11.0,1
GA,Woodstock,68504.0,95.5,7.0,79.3,10.2,0.2,4.5,9.7,1
HI,Aiea,95428.0,93.8,5.9,15.0,0.7,0.1,57.7,6.2,1
HI,Hilo,53939.0,92.5,18.3,17.6,0.5,0.3,34.3,10.4,4
HI,Kahuku,74167.0,86.9,15.3,8.6,0.4,0.1,25.3,6.7,1
HI,Keaau,51429.0,85.1,13.5,12.4,0.2,0.2,52.0,8.7,1
ID,Council,35750.0,82.7,15.4,96.5,0.1,0.7,0.2,3.0,1
ID,Garden City,38086.0,90.0,19.1,86.2,1.0,1.1,1.4,13.8,1
ID,Homedale,24474.0,66.6,47.7,63.1,0.2,1.3,1.0,43.0,1
ID,Idaho Falls,44580.0,90.2,15.9,89.3,0.7,1.0,1.0,12.9,1
ID,Kuna,57417.0,92.9,13.2,91.2,0.6,0.8,0.7,8.6,1
ID,Melba,41154.0,90.4,16.4,78.9,0.2,0.0,0.2,24.6,1
ID,Middleton,45391.0,91.7,13.5,92.5,0.3,0.6,0.5,10.0,1
ID,Mountain Home,46739.0,88.6,18.0,83.2,3.3,1.0,2.9,11.9,1
ID,Rexburg,25372.0,97.8,46.1,93.8,0.6,0.2,1.2,5.6,1
ID,Sandpoint,31979.0,88.3,24.3,95.5,0.1,0.7,0.8,2.9,1
IL,Alton,36250.0,90.3,24.4,68.5,26.6,0.2,0.5,1.9,1
IL,Antioch,76012.0,95.1,9.1,88.8,3.1,0.2,3.7,8.5,1
IL,Arcola,49303.0,82.6,14.8,85.6,0.3,0.2,0.9,29.8,1
IL,Belleville,43318.0,92.6,18.2,69.8,25.4,0.3,1.0,2.6,2
IL,Benton,36770.0,84.1,23.4,97.3,0.4,0.3,0.3,1.2,1
IL,Chicago,48522.0,82.3,22.3,45.0,32.9,0.5,5.5,28.9,25
IL,Clinton,44490.0,88.7,16.9,95.5,0.9,0.2,0.4,3.1,1
IL,Deerfield,137423.0,98.4,2.9,94.0,0.5,0.1,3.6,2.8,1
IL,Dolton,45346.0,86.8,24.8,6.2,90.9,0.1,0.3,2.7,1
IL,East St. Louis,19520.0,81.1,45.8,0.9,98.0,0.1,0.1,0.5,1
IL,Forest Park,51927.0,92.5,9.9,55.2,32.3,0.3,6.0,9.9,1
IL,Harvey,22014.0,78.1,36.4,10.0,75.8,0.3,0.9,19.0,1
IL,Hurst,30000.0,80.8,15.7,97.1,0.8,0.1,0.0,0.8,1
IL,Jerseyville,50232.0,90.6,6.4,97.4,0.2,0.2,0.5,1.1,1
IL,Lansing,48949.0,89.5,14.6,58.9,31.6,0.2,0.9,14.5,1
IL,Lisle,75373.0,95.5,8.6,77.7,5.6,0.1,11.9,7.5,1
IL,Lyons,44534.0,83.1,15.2,74.9,4.2,0.8,1.4,38.3,1
IL,Maeystown,50417.0,93.8,13.2,97.5,0.0,0.0,2.5,1.3,1
IL,Marion,42839.0,90.3,18.2,87.8,7.4,0.4,1.5,2.6,1
IL,Markham,34433.0,83.1,25.8,12.7,81.0,0.2,0.7,6.7,1
IL,Metropolis,31875.0,77.2,23.0,87.3,8.3,0.6,0.4,2.1,2
IL,North Riverside,59821.0,93.0,11.2,81.2,6.5,0.1,2.1,23.8,1
IL,Rantoul,38769.0,86.7,25.1,66.4,22.7,0.6,1.7,9.7,1
IL,River Forest,99250.0,96.6,4.4,84.8,6.7,0.1,4.5,6.0,1
IL,Rockford,38716.0,83.1,24.8,65.1,20.5,0.4,2.9,15.8,1
IL,Rock Island,41243.0,86.9,22.6,72.3,18.3,0.3,1.8,9.4,1
IL,Round Lake,72659.0,86.1,5.8,68.9,4.8,0.5,12.8,25.3,1
IL,Springfield,49868.0,90.8,19.5,75.8,18.5,0.2,2.2,2.0,1
IL,Stockton,37500.0,94.1,16.1,98.5,0.2,0.1,0.4,1.9,1
IL,Villa Park,70176.0,90.9,9.8,81.0,4.3,0.3,5.2,17.8,1
IL,Washington Park,26136.0,71.7,41.8,11.2,86.1,0.2,0.1,2.7,1
IL,Zion,46313.0,81.3,19.2,48.9,31.0,0.4,2.3,27.7,2
IN,Avon,91393.0,94.2,3.3,86.7,5.9,0.3,3.3,4.3,1
IN,Beech Grove,36487.0,85.7,21.6,91.5,3.2,0.3,0.7,4.2,1
IN,Brookville,38333.0,85.4,16.0,97.5,0.3,0.3,0.2,1.6,1
IN,Elkhart,35371.0,77.6,26.7,66.1,15.4,0.6,0.9,22.5,1
IN,English,17438.0,67.1,39.6,97.5,0.3,0.6,0.2,0.8,1
IN,Evansville,35785.0,87.5,21.0,82.0,12.6,0.3,1.0,2.6,1
IN,Fishers,95487.0,97.4,3.2,85.6,5.6,0.2,5.5,3.4,1
IN,Fort Wayne,43774.0,88.3,19.0,73.6,15.4,0.4,3.3,8.0,4
IN,French Lick,28603.0,72.9,33.7,88.8,5.8,0.3,1.2,2.1,1
IN,Gary,28020.0,83.9,37.1,10.7,84.8,0.3,0.2,5.1,1
IN,Goshen,41117.0,76.0,22.6,78.2,2.6,0.5,1.2,28.1,1
IN,Greenwood,54176.0,91.5,13.7,90.1,1.7,0.3,3.7,5.0,1
IN,Hanover,40758.0,83.7,24.8,94.9,2.3,0.2,0.8,2.4,1
IN,Harmony,41853.0,89.4,6.8,97.6,0.8,0.0,0.3,1.2,1
IN,Knox,33125.0,75.1,20.9,96.3,0.4,0.2,0.3,2.9,1
IN,Kokomo,37623.0,86.3,21.3,83.5,10.7,0.4,1.0,3.3,1
IN,Lafayette,40419.0,85.6,19.8,83.6,6.2,0.4,1.4,12.1,1
IN,Monon,35542.0,74.5,31.1,77.2,0.6,0.4,0.2,28.4,1
IN,Muncie,31044.0,86.4,32.2,84.0,10.9,0.3,1.2,2.3,3
IN,Portage,53730.0,88.2,16.3,83.6,7.3,0.4,0.9,16.4,1
IN,Shelbyville,43395.0,83.4,16.9,91.9,1.9,0.2,1.0,7.1,2
IN,Terre Haute,31817.0,84.4,27.4,83.5,10.9,0.4,1.4,3.1,1
IN,Vincennes,35455.0,85.4,23.9,91.9,4.7,0.3,0.7,1.9,1
IA,Boone,46486.0,94.3,10.9,96.7,0.8,0.3,0.4,2.0,1
IA,Burlington,39586.0,89.7,19.6,88.2,7.2,0.3,0.8,3.1,1
IA,Cedar Rapids,53581.0,93.5,12.3,88.0,5.6,0.3,2.2,3.3,2
IA,Des Moines,46290.0,87.3,20.0,76.4,10.2,0.5,4.4,12.0,3
IA,Fort Madison,42595.0,91.7,17.7,89.3,5.5,0.4,0.6,6.7,1
IA,North English,46625.0,91.4,18.9,99.2,0.3,0.0,0.0,0.7,1
IA,Sioux City,43888.0,83.6,15.7,80.6,2.9,2.6,2.7,16.4,1
IA,Urbandale,78059.0,97.0,5.9,91.1,2.8,0.1,3.5,3.1,1
IA,Wellman,56983.0,93.2,5.7,97.3,0.1,0.5,0.1,1.8,1
KS,Assaria,51250.0,95.9,8.2,98.3,0.0,0.2,0.0,1.9,1
KS,Colby,44679.0,92.0,11.1,95.7,0.7,0.4,0.6,4.0,1
KS,Gardner,67422.0,94.4,3.8,89.7,3.0,0.5,1.9,6.2,1
KS,Hays,42976.0,94.5,17.7,92.8,1.1,0.3,1.8,4.7,2
KS,Hesston,59646.0,99.3,11.1,92.7,1.6,0.6,1.7,4.5,1
KS,Hutchinson,42350.0,87.6,13.9,87.9,4.3,0.7,0.6,10.6,2
KS,Kansas City,38749.0,77.8,24.9,52.2,26.8,0.8,2.7,27.8,2
KS,Leavenworth,52785.0,90.8,16.4,75.4,15.1,0.9,1.8,8.1,1
KS,Lehigh,65625.0,96.5,7.7,96.6,0.0,0.0,0.0,4.0,1
KS,McPherson,53566.0,94.4,6.2,93.2,1.5,0.4,0.8,4.8,1
KS,Medicine Lodge,54125.0,91.6,16.4,96.3,0.7,0.3,0.4,2.4,1
KS,Newton,45266.0,88.1,16.8,88.4,2.2,0.9,0.8,16.3,1
KS,Olathe,77335.0,94.0,6.9,83.1,5.3,0.4,4.1,10.2,1
KS,Rosalia,62917.0,81.3,12.8,98.2,0.6,0.0,0.0,2.3,1
KS,Topeka,42250.0,88.6,19.2,76.2,11.3,1.4,1.3,13.4,2
KS,Udall,45852.0,87.8,17.4,94.8,0.0,2.0,0.1,3.1,1
KS,Wichita,45947.0,87.5,17.3,71.9,11.5,1.2,4.8,15.3,4
KY,Barbourville,31708.0,78.7,29.7,92.4,5.1,0.4,0.2,1.2,1
KY,Bardstown,35825.0,85.6,24.4,82.3,12.4,0.2,0.8,3.7,1
KY,Berea,39906.0,86.5,26.9,90.7,4.0,0.5,1.2,2.7,1
KY,Booneville,12083.0,80.6,43.9,100.0,0.0,0.0,0.0,0.0,1
KY,Bowling Green,35604.0,84.8,28.1,75.8,13.9,0.3,4.2,6.5,1
KY,Brodhead,20379.0,63.0,41.1,98.0,0.1,0.2,0.2,1.0,1
KY,Burkesville,19403.0,70.5,33.1,87.8,8.3,0.1,0.5,1.1,1
KY,Edmonton,21649.0,73.3,29.7,96.2,1.8,0.4,0.2,1.3,1
KY,Elizabethtown,44568.0,88.3,16.3,80.4,11.6,0.3,2.6,4.3,2
KY,Elsmere,46642.0,83.9,22.3,84.3,7.1,0.4,0.4,8.2,1
KY,Fulton,24943.0,79.3,25.2,64.0,30.5,0.4,1.8,0.8,1
KY,Georgetown,59661.0,89.8,12.5,87.5,7.0,0.3,1.2,4.3,1
KY,Hiseville,29531.0,58.6,24.0,93.8,0.8,0.0,0.0,5.0,1
KY,Lancaster,29542.0,70.3,36.7,89.3,7.1,0.1,0.2,2.5,1
KY,Lawrenceburg,51303.0,87.9,11.8,93.3,3.2,0.2,0.8,1.9,1
KY,Leitchfield,27910.0,75.8,29.0,94.4,3.1,0.2,0.8,1.5,1
KY,London,31178.0,76.4,27.5,94.9,1.7,0.2,0.6,2.4,1
KY,Ludlow,44246.0,86.2,25.5,97.3,1.0,0.2,0.2,1.8,1
KY,Morehead,36026.0,85.4,36.1,93.2,3.2,0.2,1.3,1.9,1
KY,Owensboro,37279.0,85.5,19.8,87.5,7.3,0.1,0.9,3.2,2
KY,Paris,37109.0,82.9,22.8,81.1,11.5,0.2,0.4,6.7,1
KY,Phelps,27216.0,57.6,21.5,99.1,0.0,0.2,0.1,0.6,1
KY,Princeton,37500.0,86.9,26.3,87.8,9.0,0.2,0.4,1.2,1
KY,Richmond,30621.0,86.2,31.9,86.8,8.0,0.3,1.2,2.7,1
KY,Russellville,30743.0,74.3,27.4,78.1,15.9,0.3,0.4,4.2,1
KY,White Plains,40000.0,82.3,14.4,97.5,0.9,0.0,0.5,0.5,1
KY,Wilmore,38679.0,91.2,28.8,91.0,2.3,0.2,4.8,1.7,1
LA,Alexandria,34579.0,81.7,25.8,38.3,57.3,0.4,1.8,1.8,2
LA,Baton Rouge,39876.0,86.7,25.6,39.4,54.5,0.2,3.3,3.3,8
LA,Bossier City,47342.0,88.4,16.7,65.4,25.6,0.5,2.0,8.1,1
LA,Breaux Bridge,36288.0,74.1,23.7,50.0,47.3,0.4,0.6,1.3,1
LA,Cade,48750.0,80.6,15.5,59.5,35.2,0.2,1.9,2.7,1
LA,Chalmette,40968.0,83.1,21.6,76.0,13.2,0.6,3.0,10.3,1
LA,Converse,24750.0,78.3,17.5,80.0,3.4,10.0,0.0,3.0,1
LA,Covington,49141.0,81.3,18.4,77.8,19.0,0.4,0.6,3.7,1
LA,Crowley,25607.0,64.8,34.9,64.6,32.5,0.3,0.3,1.9,1
LA,Denham Springs,49498.0,83.5,17.8,81.3,14.9,0.4,0.5,4.1,1
LA,Franklin,29964.0,78.9,29.5,40.1,56.2,1.1,0.7,1.9,1
LA,Gretna,36880.0,77.1,22.7,55.4,34.3,0.5,2.7,13.8,1
LA,Harvey,39014.0,77.2,20.7,43.5,41.1,0.4,6.8,13.4,2
LA,Homer,27050.0,79.0,40.0,33.0,64.3,0.1,0.8,1.4,1
LA,Houma,47052.0,79.9,20.9,66.0,24.4,4.0,1.0,4.8,3
LA,Kenner,47527.0,84.7,15.5,61.6,24.0,0.4,3.7,22.4,1
LA,Mamou,19297.0,60.6,41.1,54.7,43.0,0.2,0.2,1.4,1
LA,Mandeville,71689.0,92.0,6.0,90.6,4.4,0.3,1.9,5.3,1
LA,Marksville,25850.0,64.7,29.8,50.5,42.9,1.9,0.8,1.9,1
LA,Metairie,52421.0,89.0,13.8,80.0,10.4,0.3,3.3,12.6,2
LA,New Iberia,39061.0,76.0,23.3,52.5,41.5,0.2,2.7,3.1,2
LA,New Orleans,36792.0,85.2,27.0,33.0,60.2,0.3,2.9,5.2,7
LA,Pineville,38049.0,83.8,21.3,64.6,30.8,0.5,1.5,2.6,1
LA,Plaquemine,41447.0,80.3,22.6,46.7,51.0,0.2,0.4,2.4,1
LA,Port Barre,22273.0,72.6,38.0,71.6,25.7,0.1,0.2,1.6,1
LA,Raceland,41987.0,74.2,18.4,67.0,28.5,1.1,0.3,2.8,1
LA,Shreveport,38583.0,85.5,23.6,41.2,54.7,0.4,1.3,2.5,3
LA,Slidell,51958.0,87.5,16.3,76.0,17.0,0.5,1.6,6.3,1
LA,Winnsboro,19409.0,65.0,52.3,31.3,66.6,0.1,0.4,1.2,1
ME,Bangor,35674.0,91.4,26.2,93.1,1.7,1.2,1.7,1.5,1
ME,Madison,35718.0,86.7,22.7,97.1,0.4,0.5,0.4,1.3,1
ME,Naples,45114.0,100.0,4.4,97.7,0.7,0.2,0.2,0.0,1
ME,Portland,46280.0,92.5,19.7,85.0,7.1,0.5,3.5,3.0,1
ME,Presque Isle,36538.0,89.2,21.0,94.5,0.6,2.4,0.9,1.3,2
ME,Waldoboro,17614.0,98.4,42.3,96.5,0.1,0.4,0.6,1.9,1
MD,Baltimore,42241.0,82.5,23.7,29.6,63.7,0.4,2.3,4.2,8
MD,Bel Air,52656.0,98.1,28.2,95.5,0.9,0.0,1.2,1.2,1
MD,Bel Air,66828.0,95.5,5.0,89.8,4.4,0.2,1.8,4.3,1
MD,Capitol Heights,75788.0,79.7,13.0,3.3,91.3,0.3,0.1,5.4,1
MD,Chestertown,43977.0,84.5,24.9,74.2,20.4,0.3,1.8,4.2,1
MD,Columbia,100849.0,95.7,7.0,55.5,25.3,0.4,11.4,7.9,1
MD,District Heights,65732.0,89.5,8.8,6.0,90.1,0.2,0.6,3.7,1
MD,Dundalk,49435.0,79.7,13.7,81.3,11.0,0.9,1.7,5.0,1
MD,Elkridge,97118.0,91.9,5.6,61.6,19.8,0.3,12.2,6.3,1
MD,Elkton,53851.0,85.0,17.5,76.0,15.1,0.3,2.6,5.9,3
MD,Essex,48434.0,84.1,13.8,66.4,26.4,0.5,1.8,5.1,1
MD,Fort Meade,64518.0,96.3,6.3,62.0,23.9,0.7,2.9,12.6,1
MD,Frederick,64700.0,89.2,11.4,63.9,18.6,0.5,5.8,14.4,1
MD,Greenbelt,63585.0,89.0,11.3,30.1,47.8,0.3,9.7,14.3,1
MD,Landover,49774.0,79.8,15.6,5.9,81.9,0.4,0.7,14.6,2
MD,Middle River,53082.0,84.3,14.3,67.5,22.6,0.7,3.4,6.2,1
MD,Montgomery Village,74978.0,89.4,6.4,49.9,23.8,0.4,10.8,24.4,1
MD,North East,59614.0,82.2,6.5,87.2,7.6,0.4,1.5,3.3,1
MD,Overlea,61442.0,90.9,7.3,74.7,19.0,0.2,3.2,3.1,1
MD,Owings Mills,69891.0,91.8,8.5,34.3,51.0,0.3,7.8,7.0,1
MD,Pikesville,78891.0,96.1,6.8,77.0,14.5,0.1,6.0,2.7,1
MD,Randallstown,73397.0,93.5,10.0,13.5,80.7,0.2,2.0,2.7,2
MD,Reisterstown,61593.0,90.0,12.8,57.2,29.3,0.4,6.3,8.9,1
MD,Rising Sun,55893.0,87.4,14.7,95.8,0.7,0.7,0.6,2.6,1
MD,Salisbury,37705.0,85.6,27.4,55.7,34.4,0.3,3.2,7.0,1
MA,Beverly,72837.0,94.1,8.0,93.3,1.6,0.2,1.7,3.5,1
MA,Boston,55777.0,85.2,21.5,53.9,24.4,0.4,8.9,17.5,5
MA,Brockton,47557.0,81.0,18.6,46.7,31.2,0.4,2.3,10.0,1
MA,Everett,50762.0,79.8,14.9,62.8,14.3,0.4,4.8,21.1,1
MA,Lowell,48002.0,78.9,19.8,60.3,6.8,0.3,20.2,17.3,1
MA,Lynn,47429.0,79.9,20.2,57.6,12.8,0.7,7.0,32.1,4
MA,Oxford,64914.0,92.6,5.8,96.6,0.6,0.2,0.8,2.3,1
MA,Spencer,45750.0,80.6,16.9,95.1,0.8,0.3,0.8,4.3,1
MA,Taunton,53058.0,82.1,12.4,87.2,5.0,0.3,1.0,5.5,1
MA,Webster,43116.0,79.6,19.2,89.1,3.8,0.4,1.0,8.9,1
MI,Bay City,34743.0,86.7,22.2,89.7,3.5,0.6,0.5,8.5,1
MI,Beaverton,26538.0,89.5,31.4,97.7,0.4,0.7,0.0,0.7,1
MI,Belleville,45452.0,84.5,16.3,80.6,14.1,0.4,0.8,3.8,1
MI,Benton Harbor,18085.0,70.5,50.3,7.0,89.2,0.3,0.1,2.2,1
MI,Dearborn,47375.0,81.0,28.9,89.1,4.0,0.2,1.7,3.4,2
MI,Detroit,25764.0,78.3,40.3,10.6,82.7,0.4,1.1,6.8,5
MI,Grand Rapids,40355.0,85.1,26.0,64.6,20.9,0.7,1.9,15.6,1
MI,Kentwood,49612.0,89.6,14.6,70.1,15.4,0.4,6.6,8.5,2
MI,Lansing,35563.0,87.6,29.6,61.2,23.7,0.8,3.7,12.5,1
MI,Manistee,36338.0,92.2,19.0,91.5,0.5,3.8,0.4,3.4,1
MI,Marion,24821.0,87.2,43.7,98.3,0.1,0.5,0.0,1.3,1
MI,Portage,54040.0,95.8,11.0,86.9,4.9,0.4,3.8,3.1,1
MI,Romulus,42681.0,86.8,20.5,50.5,43.0,0.5,1.1,3.0,1
MI,Saginaw,27990.0,78.4,35.9,43.5,46.1,0.5,0.3,14.3,1
MI,St. Joseph,55012.0,95.6,8.7,88.1,5.3,0.3,3.4,2.8,1
MI,Southfield,49244.0,92.6,15.2,24.9,70.3,0.2,1.7,1.3,1
MI,Trenton,55218.0,91.7,8.0,95.5,1.3,0.5,0.7,3.2,1
MI,Warren,43523.0,84.1,19.7,78.4,13.5,0.4,4.6,2.1,1
MI,Wyoming,46849.0,84.0,14.9,75.8,7.2,0.6,2.8,19.4,2
MN,Aitkin,28281.0,85.5,24.6,95.5,0.8,1.5,0.3,1.2,1
MN,Alexandria,40633.0,92.6,14.7,96.3,0.8,0.4,0.7,1.5,1
MN,Austin,42268.0,85.4,15.9,86.8,3.0,0.3,2.4,15.4,1
MN,Bloomington,64540.0,93.1,8.9,79.7,7.2,0.4,5.9,6.8,1
MN,Burnsville,63649.0,93.9,11.2,77.5,10.0,0.4,5.0,7.9,2
MN,Cohasset,60597.0,94.3,7.3,94.9,0.1,2.0,0.4,0.6,1
MN,Columbia Heights,47717.0,86.2,16.8,69.7,13.5,1.5,4.8,11.9,1
MN,Eagan,82265.0,96.4,7.0,81.5,5.6,0.3,7.9,4.5,1
MN,Falcon Heights,71765.0,98.6,11.1,73.3,8.0,0.5,15.0,3.0,1
MN,Fridley,54652.0,90.0,13.0,75.2,11.1,1.2,4.9,7.3,1
MN,Hutchinson,51032.0,93.9,7.3,95.4,0.9,0.3,1.1,3.8,1
MN,Mankato,41425.0,94.1,26.2,89.9,4.0,0.3,2.8,2.9,1
MN,Minneapolis,51480.0,88.6,21.9,63.8,18.6,2.0,5.6,10.5,3
MN,Mora,39982.0,85.4,17.6,96.1,0.8,0.7,0.3,2.2,1
MN,Morris,41991.0,88.4,27.6,90.9,1.3,1.5,2.5,3.2,1
MN,New Hope,50165.0,89.7,12.0,74.5,14.7,0.4,3.8,6.5,1
MN,North Branch,67122.0,94.7,6.4,96.6,0.5,0.4,0.8,1.9,1
MN,Peterson,51250.0,90.5,7.9,99.5,0.0,0.5,0.0,1.0,1
MN,Plymouth,85418.0,97.3,5.8,84.2,5.2,0.3,6.9,3.0,1
MN,Roseville,63678.0,93.4,11.5,81.3,6.2,0.5,7.3,4.6,1
MN,St. Cloud,45437.0,91.4,23.3,84.6,7.8,0.7,3.7,2.4,1
MN,St. Paul,48757.0,86.5,22.3,60.1,15.7,1.1,15.0,9.6,6
MN,Vadnais Heights,71518.0,93.7,6.4,84.9,3.6,0.5,7.6,2.8,1
MN,Vineland,36500.0,80.2,31.5,9.9,0.6,86.0,0.0,1.8,1
MS,Biloxi,39011.0,85.1,24.6,68.4,19.6,0.5,4.4,8.7,1
MS,Brookhaven,30487.0,84.8,37.1,43.8,54.1,0.1,0.7,0.9,1
MS,Columbus,30968.0,80.6,31.2,37.4,60.0,0.2,0.7,1.4,2
MS,Gautier,44675.0,88.4,15.2,61.1,32.4,0.5,1.5,5.3,1
MS,Greenville,29206.0,78.7,36.8,20.2,78.0,0.2,0.7,0.9,1
MS,Gulfport,36474.0,84.5,25.5,56.9,36.1,0.4,1.7,5.2,1
MS,Hattiesburg,26852.0,84.6,37.8,41.9,53.0,0.2,0.9,4.3,1
MS,Iuka,31684.0,68.8,20.9,91.4,6.4,0.2,0.2,1.8,2
MS,Lucedale,38900.0,77.5,30.9,68.7,29.6,0.1,0.5,1.7,1
MS,Petal,53169.0,88.5,11.8,86.1,9.9,0.2,0.7,3.5,1
MS,St. Martin,44579.0,86.2,17.2,72.1,13.4,0.4,9.7,4.1,1
MS,Smithville,37583.0,77.6,15.8,96.0,1.7,0.4,0.1,1.6,1
MS,Southaven,58227.0,88.4,11.4,71.0,22.2,0.3,1.7,5.0,2
MS,Tupelo,41487.0,87.2,23.3,58.7,36.8,0.1,1.0,3.5,2
MS,Walls,38558.0,87.2,18.7,34.7,60.8,0.2,0.6,3.0,1
MS,Water Valley,30218.0,77.3,26.5,56.4,42.2,0.1,0.1,1.1,2
MO,Affton,55946.0,91.7,8.9,94.4,1.7,0.2,2.1,2.1,1
MO,Blue Springs,63753.0,93.8,10.5,87.6,6.2,0.5,1.2,5.0,2
MO,Buffalo,34898.0,79.3,25.8,95.8,0.3,0.9,0.2,3.2,1
MO,Cape Girardeau,40107.0,88.7,25.9,81.1,12.8,0.2,1.9,2.8,1
MO,Columbia,44907.0,93.8,24.4,79.0,11.3,0.3,5.2,3.4,3
MO,Florissant,50767.0,91.7,8.5,69.3,26.8,0.2,0.8,2.0,1
MO,Harrisonville,41196.0,90.8,14.3,95.0,1.1,0.7,0.6,2.6,1
MO,Independence,43472.0,87.6,17.9,85.7,5.6,0.6,1.0,7.7,1
MO,Jackson,52752.0,92.5,13.0,95.8,1.6,0.3,0.6,1.2,1
MO,Jennings,29393.0,79.5,29.9,8.5,89.8,0.1,0.2,0.6,1
MO,Kansas City,45821.0,88.4,19.0,59.2,29.9,0.5,2.5,10.0,10
MO,Lakeshire,43438.0,92.5,13.0,93.7,2.9,0.2,0.5,3.3,1
MO,Lee's Summit,78377.0,96.4,6.5,86.1,8.4,0.3,1.7,3.9,1
MO,Maysville,28472.0,84.9,14.4,97.6,0.4,0.5,0.1,0.4,1
MO,Neosho,36266.0,80.6,20.2,84.2,1.0,1.6,0.9,11.3,1
MO,Nevada,28683.0,85.6,27.1,95.1,1.1,0.8,0.8,2.0,1
MO,Odessa,52066.0,94.9,11.7,94.8,1.4,0.4,0.4,2.2,1
MO,Ozark,45695.0,89.2,12.6,95.2,0.8,0.5,0.5,3.2,1
MO,Poplar Bluff,29536.0,80.5,27.7,84.8,10.0,0.5,0.9,2.2,1
MO,Republic,50972.0,93.2,15.8,95.6,0.7,0.6,0.5,2.2,1
MO,St. Joseph,43298.0,86.4,19.9,87.8,6.0,0.5,0.9,5.7,1
MO,St. Louis,35599.0,84.1,27.1,43.9,49.2,0.3,2.9,3.5,15
MO,Sedalia,31460.0,80.7,23.9,85.3,5.2,0.5,0.7,9.0,1
MO,Springfield,33557.0,88.3,25.7,88.7,4.1,0.8,1.9,3.7,4
MO,Sugar Creek,35738.0,88.2,15.5,90.9,2.5,0.5,0.6,7.1,3
MO,Sullivan,30507.0,79.3,19.0,97.4,0.2,0.4,0.4,2.2,1
MT,Billings,51012.0,92.8,12.8,89.6,0.8,4.4,0.7,5.2,4
MT,Dillon,38750.0,92.5,22.0,94.7,0.3,1.4,0.5,3.5,1
MT,Huntley,,100.0,0.0,94.6,0.0,1.1,0.4,4.9,1
MT,Livingston,40619.0,94.7,12.7,96.2,0.1,0.8,0.3,2.5,1
MT,Malta,30697.0,88.8,14.3,88.2,0.1,5.5,0.4,2.0,1
MT,Superior,22069.0,89.2,25.5,93.8,0.7,1.2,1.6,2.3,1
MT,Three Forks,51603.0,90.9,8.6,98.1,0.2,0.4,0.5,2.1,1
NE,Big Springs,46250.0,86.3,18.1,94.5,0.0,0.8,0.0,8.0,1
NE,Lincoln,49840.0,93.1,15.9,86.0,3.8,0.8,3.8,6.3,3
NE,Louisville,51806.0,91.5,4.4,96.7,0.5,0.5,0.1,1.4,1
NE,Omaha,49896.0,88.0,16.7,73.1,13.7,0.8,2.4,13.1,8
NE,Sidney,54242.0,93.6,13.5,92.3,0.2,0.8,2.3,7.4,1
NE,York,47865.0,93.9,13.1,94.9,1.0,0.3,0.7,4.4,1
NV,Boulder City,56405.0,93.3,10.3,92.3,0.9,0.8,1.1,7.1,1
NV,Gardnerville Ranchos,52179.0,94.5,15.7,87.4,0.5,2.8,1.1,12.8,1
NV,Henderson,63120.0,92.7,9.8,76.9,5.1,0.7,7.2,14.9,2
NV,Las Vegas,50202.0,83.3,17.5,62.1,11.1,0.7,6.1,31.5,21
NV,North Las Vegas,52511.0,78.2,16.6,47.4,19.9,0.8,6.3,38.8,3
NV,Pahrump,41229.0,85.2,18.9,86.1,2.1,1.1,1.4,12.9,1
NV,Reno,47012.0,85.7,18.3,74.2,2.9,1.3,6.3,24.3,8
NV,Silver Springs,33780.0,81.4,22.8,89.0,0.3,2.0,0.9,7.4,1
NV,Sparks,52795.0,85.5,13.0,74.5,2.6,1.2,5.9,26.3,1
NH,Claremont,45859.0,87.2,14.1,95.9,0.6,0.3,0.9,1.3,1
NH,Derry,58302.0,94.4,8.0,94.2,1.0,0.3,1.6,3.6,1
NH,Hampton,79460.0,96.6,5.3,96.1,0.7,0.1,1.4,1.8,1
NH,Peterborough,41101.0,97.6,6.6,96.3,0.5,0.1,1.8,1.4,1
NJ,Atlantic City,25737.0,69.6,36.9,26.7,38.3,0.6,15.6,30.4,2
NJ,Bridgeton,36208.0,61.5,32.0,32.6,35.5,1.4,0.6,43.6,1
NJ,Camden,25042.0,67.6,39.9,17.6,48.1,0.8,2.1,47.0,3
NJ,Hackensack,55289.0,86.6,15.8,46.7,24.4,0.6,10.3,35.3,2
NJ,Newark,33139.0,72.3,29.7,26.3,52.4,0.6,1.6,33.8,5
NJ,New Brunswick,38435.0,61.6,34.7,45.4,16.0,0.9,7.6,49.9,1
NJ,Old Bridge,99422.0,92.0,3.3,79.6,4.4,0.2,11.1,11.0,1
NJ,Paterson,32915.0,71.4,29.1,34.7,31.7,1.1,3.3,57.6,3
NJ,Toms River,72196.0,91.9,6.1,89.7,2.8,0.2,3.7,8.0,1
NJ,Trenton,34257.0,71.0,28.3,26.6,52.0,0.7,1.2,33.7,1
NJ,Vineland,49453.0,76.4,16.9,67.0,14.2,0.7,1.7,38.0,1
NJ,Woodbridge,79600.0,89.5,7.2,59.7,9.4,0.4,20.8,18.2,1
NM,Alamogordo,42517.0,88.8,20.5,76.8,5.4,1.4,1.7,30.5,1
NM,Albuquerque,47030.0,89.0,19.2,69.7,3.3,4.6,2.6,46.7,14
NM,Artesia,50701.0,81.8,10.9,74.5,1.2,1.6,0.4,51.8,2
NM,Carlsbad,51097.0,85.6,13.5,77.4,1.9,1.3,1.0,42.5,1
NM,Carrizozo,22841.0,83.9,34.3,78.7,0.7,2.6,0.0,43.6,1
NM,Crownpoint,39250.0,82.5,31.6,5.0,0.4,92.4,0.7,1.1,1
NM,Deming,25844.0,66.3,33.1,76.6,1.5,1.3,0.6,68.6,1
NM,Edgewood,57386.0,97.2,7.7,85.6,1.0,3.0,0.9,23.7,1
NM,Gallup,46467.0,79.9,25.5,35.2,1.2,43.8,2.0,31.7,1
NM,Hanover,,100.0,38.4,80.8,0.0,3.0,0.0,71.9,1
NM,Hobbs,56905.0,72.7,16.5,73.0,6.1,1.3,0.6,53.7,3
NM,Jal,51667.0,72.6,6.6,84.8,0.8,0.7,0.1,48.1,1
NM,Las Cruces,41330.0,85.5,24.4,75.3,2.4,1.7,1.6,56.8,5
NM,Los Lunas,52166.0,87.7,16.4,72.1,2.0,2.5,0.8,57.9,1
NM,Lovington,51450.0,64.5,19.7,66.9,2.4,1.5,0.4,64.3,1
NM,Roswell,39975.0,80.3,22.1,69.9,2.5,1.2,0.7,53.4,2
NM,Rowe,46250.0,96.3,27.4,66.7,1.2,2.7,0.0,81.0,1
NM,Ruidoso,42098.0,92.4,12.1,85.9,0.4,3.0,0.6,27.1,3
NM,San Rafael,69103.0,81.1,2.3,54.8,0.4,2.3,0.5,72.3,1
NM,Santa Fe,50737.0,85.7,17.6,78.9,1.0,2.1,1.4,48.7,3
NM,Socorro,33359.0,72.1,30.2,80.7,1.5,3.9,2.1,54.0,1
NM,Taos,31112.0,88.5,21.8,71.1,0.7,5.3,1.0,51.9,1
NM,Truth or Consequences,26877.0,82.2,25.9,85.7,0.6,1.9,0.5,28.2,1
NY,Beacon,65305.0,89.3,11.6,63.6,23.2,0.3,1.6,20.7,1
NY,Buffalo,31918.0,82.7,31.4,50.4,38.6,0.8,3.2,10.5,1
NY,Cheektowaga,48508.0,90.3,11.4,86.8,9.2,0.3,1.7,2.2,1
NY,Constantia,54261.0,88.2,3.2,97.8,0.1,0.7,0.2,0.7,1
NY,Greece,48028.0,91.8,8.4,88.2,5.4,0.3,2.4,5.4,1
NY,Islip,97500.0,92.4,5.6,86.4,4.7,0.2,2.5,13.8,1
NY,Malone,36667.0,81.2,31.1,96.0,0.6,1.1,0.8,1.6,1
NY,Middletown,50441.0,83.0,19.6,52.4,21.0,0.8,1.9,39.7,1
NY,Mount Vernon,50952.0,84.6,15.3,24.3,63.4,0.5,1.8,14.3,1
NY,New City,119528.0,93.7,4.5,78.7,6.4,0.2,10.3,9.0,1
NY,New Paltz,41421.0,94.4,31.5,80.5,6.4,0.3,6.0,11.1,1
NY,New York,53373.0,80.3,20.6,44.0,25.5,0.7,12.7,28.6,10
NY,Potsdam,36300.0,92.5,28.8,88.9,2.8,0.4,4.9,2.9,1
NY,Rochester,30960.0,80.5,33.5,43.7,41.7,0.5,3.1,16.4,1
NY,Rotterdam,60269.0,93.2,7.0,94.4,1.5,0.2,1.2,2.5,1
NY,Schenectady,40755.0,84.3,22.8,61.4,20.2,0.7,3.6,10.5,1
NY,Syracuse,31881.0,80.2,34.8,56.0,29.5,1.1,5.5,8.3,2
NY,Troy,38954.0,84.7,26.1,72.9,16.4,0.3,3.4,7.9,2
NY,Yonkers,59049.0,83.0,16.7,55.8,18.7,0.7,5.9,34.7,1
NC,Archdale,50420.0,81.4,10.5,87.8,4.0,0.6,4.8,4.0,1
NC,Asheville,43334.0,92.3,17.3,79.3,13.4,0.3,1.4,6.5,1
NC,Brevard,39659.0,89.9,12.7,83.3,11.0,0.3,1.0,3.7,1
NC,Canton,34388.0,79.9,16.9,93.6,1.8,0.7,0.1,5.0,1
NC,Cary,91579.0,95.3,6.3,73.1,8.0,0.4,13.1,7.7,1
NC,Charlotte,53637.0,88.4,16.8,50.0,35.0,0.5,5.0,13.1,11
NC,Clinton,31997.0,81.5,29.2,48.9,40.5,1.2,1.1,9.2,1
NC,Dallas,34770.0,82.7,16.4,76.4,15.9,0.4,0.6,8.0,1
NC,Dublin,30800.0,75.1,28.0,66.9,19.5,1.5,0.0,10.9,1
NC,Durham,50420.0,87.1,19.2,42.5,41.0,0.5,5.1,14.2,4
NC,East Flat Rock,26193.0,74.1,28.7,80.6,4.1,0.4,0.7,22.4,1
NC,Efland,52736.0,99.1,2.4,62.4,31.9,0.0,0.8,7.4,1
NC,Fayetteville,43630.0,91.2,18.4,45.7,41.9,1.1,2.6,10.1,2
NC,Franklin,26923.0,80.8,35.9,90.1,2.1,0.5,0.8,13.0,1
NC,Gastonia,40432.0,83.2,20.8,63.0,27.8,0.4,1.3,9.6,3
NC,Granite Falls,43409.0,77.6,20.2,93.5,1.7,0.2,0.7,5.2,1
NC,Greensboro,41628.0,88.7,19.3,48.4,40.6,0.5,4.0,7.5,2
NC,Greenville,34435.0,91.6,32.5,56.3,37.0,0.4,2.4,3.8,1
NC,Hickory,43338.0,84.3,17.5,74.9,14.3,0.3,3.2,11.4,2
NC,Hudson,44196.0,88.0,14.1,93.5,1.9,0.3,0.2,5.8,1
NC,Kinston,28060.0,80.3,33.1,28.7,68.0,0.2,0.7,2.4,1
NC,Lawndale,31750.0,82.8,21.4,79.2,15.3,0.0,0.2,4.8,1
NC,Leland,61374.0,93.5,14.2,83.9,10.0,0.6,1.5,4.9,1
NC,Lenoir,31063.0,77.0,22.8,78.4,12.7,0.4,0.9,9.0,1
NC,Lumberton,31245.0,74.1,34.8,40.8,37.2,13.1,2.4,6.7,1
NC,Maiden,48324.0,76.5,18.1,83.6,11.3,0.5,1.3,6.2,1
NC,Newton Grove,32292.0,80.0,15.8,71.7,10.7,1.1,0.9,15.1,1
NC,Peachland,35000.0,80.9,31.6,62.2,34.1,0.5,0.2,0.9,1
NC,Pinnacle,,76.5,8.1,91.1,6.6,0.1,0.9,1.3,1
NC,Pleasant Hill,21544.0,61.6,25.3,96.5,0.9,0.0,0.1,3.4,1
NC,Raleigh,55398.0,90.5,16.0,57.5,29.3,0.5,4.3,11.4,2
NC,Ronda,30662.0,62.3,23.0,91.1,2.2,0.2,0.0,9.1,1
NC,Rowland,21298.0,77.1,36.2,21.0,70.3,6.4,0.0,1.6,1
NC,Rutherfordton,39274.0,87.1,17.8,84.9,10.4,0.3,1.6,3.0,1
NC,Salemburg,36528.0,80.9,16.8,88.3,7.1,1.4,0.2,2.1,1
NC,Salisbury,36701.0,82.4,23.3,52.4,37.7,0.4,1.6,10.6,1
NC,Shelby,34300.0,85.1,29.0,54.7,41.3,0.4,0.8,3.1,1
NC,Spring Lake,36964.0,91.5,21.4,47.2,36.3,1.1,3.0,15.4,1
NC,Statesville,32728.0,80.1,28.4,54.8,34.5,0.3,1.9,10.9,1
NC,Stoneville,38313.0,81.2,10.6,78.6,16.2,0.2,0.3,3.8,1
NC,Tarboro,33349.0,75.0,17.0,47.2,48.4,0.1,0.5,4.9,1
NC,Wadesboro,27361.0,79.7,32.2,35.6,60.7,0.2,1.4,1.8,1
NC,Wake Forest,80978.0,95.2,7.0,77.3,15.3,0.4,2.9,5.6,2
NC,Wilkesboro,33450.0,75.9,30.5,81.5,8.9,0.2,3.0,7.3,1
ND,Bismarck,58901.0,92.8,9.6,92.4,0.7,4.5,0.6,1.3,1
ND,Grand Forks,46149.0,92.9,20.4,89.7,2.0,2.9,2.2,2.8,1
ND,Mandan,59078.0,91.8,9.3,91.7,0.6,4.9,0.2,1.8,1
OH,Akron,34512.0,86.3,26.5,62.2,31.5,0.2,2.1,2.1,4
OH,Ashtabula,28265.0,80.9,34.8,82.0,8.9,0.4,0.3,9.3,1
OH,Beverly,33750.0,85.2,19.2,97.2,0.3,0.0,0.2,0.5,1
OH,Brookville,44875.0,91.8,8.9,97.6,0.4,0.1,0.9,0.7,1
OH,Canton,29418.0,83.8,32.3,69.1,24.2,0.5,0.3,2.6,1
OH,Celina,41040.0,90.1,11.9,94.9,0.5,0.4,1.1,2.8,1
OH,Cincinnati,33604.0,85.8,30.5,49.3,44.8,0.3,1.8,2.8,5
OH,Circleville,39610.0,83.5,20.2,95.4,1.9,0.2,0.4,1.1,1
OH,Cleveland,26150.0,77.4,36.2,37.3,53.3,0.3,1.8,10.0,4
OH,Columbus,45659.0,88.5,21.7,61.5,28.0,0.3,4.1,5.6,17
OH,Dayton,27683.0,82.1,35.5,51.7,42.9,0.3,0.9,3.0,3
OH,Englewood,55486.0,93.4,10.2,82.3,12.9,0.2,1.6,1.1,1
OH,Euclid,35487.0,88.7,20.9,43.8,52.6,0.2,0.7,1.6,1
OH,Fairborn,41618.0,86.3,23.1,84.8,7.7,0.3,3.1,2.4,1
OH,Findlay,45134.0,90.6,19.2,91.2,2.2,0.3,2.5,5.7,1
OH,Green,62605.0,93.4,8.3,95.0,1.8,0.2,1.5,1.2,1
OH,Hamilton,40427.0,85.2,22.1,84.0,8.5,0.2,0.6,6.4,2
OH,Hudson,124529.0,98.2,3.8,92.7,1.3,0.1,4.3,1.7,1
OH,Kent,35619.0,93.0,35.1,83.1,9.6,0.2,3.7,2.2,2
OH,Mansfield,32148.0,82.6,26.2,73.3,22.1,0.2,0.7,1.9,1
OH,Medina,55370.0,94.1,12.5,93.3,3.1,0.1,0.9,1.8,1
OH,Montpelier,38860.0,83.2,19.5,96.2,0.1,0.5,1.4,3.4,1
OH,North Royalton,64745.0,94.0,5.8,94.6,1.1,0.1,2.7,1.6,1
OH,Northwood,53690.0,92.2,10.0,94.3,0.7,0.6,1.1,5.8,1
OH,Oak Hill,29963.0,87.4,34.2,97.5,0.5,0.2,0.3,0.3,1
OH,Parma,50440.0,89.8,11.2,93.0,2.3,0.2,1.9,3.6,1
OH,Richmond Heights,48272.0,91.8,10.6,48.5,44.9,0.1,4.3,1.8,1
OH,Rome,,79.3,28.2,95.7,0.0,2.1,0.0,1.1,1
OH,Springfield,32066.0,82.4,29.0,75.2,18.1,0.3,0.8,3.0,1
OH,Tiffin,37798.0,88.9,19.9,93.9,2.6,0.2,1.0,3.1,1
OH,Toledo,33687.0,85.2,27.8,64.8,27.2,0.4,1.1,7.4,1
OH,Twinsburg,71194.0,94.4,4.6,78.5,13.4,0.1,5.7,1.2,1
OH,Uniontown,60304.0,92.5,7.6,97.4,0.7,0.2,0.3,0.8,1
OH,Vandalia,53732.0,91.6,9.7,91.5,4.1,0.1,1.4,1.6,1
OH,Westerville,82121.0,96.8,6.7,88.6,6.4,0.2,2.3,1.9,1
OH,Westlake,76449.0,96.0,4.6,91.2,1.6,0.1,4.9,2.5,1
OH,Willoughby,51708.0,92.8,7.9,93.6,3.1,0.1,1.5,1.3,1
OH,Zanesville,26268.0,80.3,31.4,84.4,9.7,0.4,0.4,1.2,1
OK,Anadarko,30567.0,82.7,35.9,33.1,4.7,48.6,0.7,11.9,1
OK,Ardmore,42549.0,84.1,17.1,68.0,10.2,9.1,1.8,7.4,1
OK,Bartlesville,50280.0,91.0,15.7,79.0,3.1,8.7,1.4,5.9,1
OK,Bethany,42644.0,86.9,17.1,77.6,5.6,3.0,1.3,13.4,1
OK,Broken Bow,27201.0,81.7,33.9,61.8,8.3,18.5,0.6,7.7,1
OK,Burns Flat,51042.0,87.0,15.2,82.5,2.3,3.5,0.4,11.8,1
OK,Byars,25781.0,70.3,25.3,75.3,0.0,17.6,0.0,3.9,1
OK,Byng,55125.0,87.0,10.6,65.8,2.1,23.6,0.3,4.8,1
OK,Cache,46989.0,90.2,13.0,70.8,2.5,18.6,0.4,6.1,1
OK,Chickasha,40811.0,83.4,18.4,80.0,7.1,4.8,0.5,6.5,2
OK,Colbert,34911.0,86.8,22.0,70.8,12.5,4.4,0.3,4.9,1
OK,Cushing,37995.0,78.4,20.9,79.1,5.3,7.2,0.4,5.0,1
OK,Edmond,71974.0,95.9,10.1,82.6,5.5,2.6,3.2,5.1,1
OK,Eufaula,30781.0,83.2,30.0,65.5,7.0,18.8,0.6,2.5,1
OK,Fairfax,31406.0,83.8,25.9,60.4,1.6,27.3,0.2,1.8,1
OK,Fairland,36750.0,86.6,25.4,66.2,0.2,21.2,0.1,2.0,1
OK,Guthrie,41267.0,89.7,18.6,76.1,13.4,3.1,0.4,4.6,1
OK,Healdton,39313.0,85.7,14.3,86.2,1.1,6.5,0.1,3.7,1
OK,Hominy,31226.0,79.5,21.6,58.9,14.6,19.0,0.4,3.3,1
OK,Kellyville,36375.0,79.6,25.3,79.5,0.2,12.8,0.3,2.9,1
OK,Kiowa,35833.0,82.5,19.9,77.0,0.3,14.5,0.0,3.6,1
OK,Lawton,42493.0,88.5,19.9,60.3,21.4,4.7,2.6,12.6,1
OK,Leedey,55833.0,91.6,7.0,89.0,0.5,5.3,0.2,4.4,1
OK,McAlester,41112.0,83.9,23.0,70.4,7.1,12.7,0.7,6.5,1
OK,Miami,34387.0,84.6,24.5,68.9,1.3,17.1,0.5,4.8,1
OK,Midwest City,44578.0,89.2,16.0,64.6,21.9,3.7,1.7,5.6,1
OK,Millerton,26964.0,79.4,29.3,75.3,3.1,14.1,0.0,2.2,1
OK,Muskogee,34894.0,84.5,25.4,55.9,16.1,15.3,0.9,7.1,1
OK,Okemah,30086.0,79.5,31.1,62.8,3.0,26.6,0.3,2.7,1
OK,Oklahoma City,47779.0,85.0,18.3,62.7,15.1,3.5,4.0,17.2,14
OK,Ponca City,41061.0,86.7,18.3,79.1,3.2,8.9,0.7,7.2,1
OK,Roland,33095.0,80.4,30.3,72.8,5.1,11.8,0.2,4.2,1
OK,Rush Springs,31957.0,83.7,24.5,84.6,0.6,11.1,0.1,2.1,1
OK,Sallisaw,29602.0,82.3,28.5,63.1,1.6,21.6,0.5,5.6,1
OK,Sand Springs,51067.0,88.4,10.6,81.8,2.4,8.8,0.6,3.4,1
OK,Schulter,29063.0,74.7,36.5,73.7,1.0,13.4,0.0,2.8,1
OK,Stillwater,30799.0,95.2,33.0,79.5,4.7,3.9,5.6,4.3,1
OK,Tahlequah,30804.0,84.3,34.3,53.8,2.4,30.0,1.3,9.8,2
OK,Tulsa,42284.0,86.9,20.2,62.6,15.9,5.3,2.3,14.1,12
OK,Wagoner,32602.0,83.5,24.1,65.4,8.5,14.4,0.4,2.9,1
OK,Watts,22083.0,73.6,53.1,58.6,0.0,30.2,0.0,3.1,1
OK,Wetumka,23200.0,74.4,27.0,50.5,4.6,34.9,0.1,3.4,1
OK,Wewoka,26605.0,78.9,36.7,52.7,15.9,22.8,0.2,3.4,1
OR,Aloha,65765.0,88.1,14.9,70.9,2.6,1.0,8.9,21.1,2
OR,Beaverton,56882.0,90.3,15.4,73.0,2.6,0.6,10.5,16.3,3
OR,Bend,52989.0,95.2,12.5,91.3,0.5,0.8,1.2,8.2,2
OR,Burns,34627.0,85.9,21.2,92.2,0.3,2.6,0.7,4.7,1
OR,Dallas,48843.0,92.7,16.7,92.6,0.2,2.0,0.8,5.9,1
OR,Eugene,43101.0,93.5,24.4,85.8,1.4,1.0,4.0,7.8,2
OR,Florence,33950.0,91.2,14.2,92.5,0.3,1.3,1.0,5.4,1
OR,Grants Pass,34224.0,89.2,21.2,90.9,0.5,1.2,1.1,8.5,1
OR,Gresham,46956.0,84.2,21.3,76.0,3.5,1.3,4.3,18.9,1
OR,King City,45283.0,96.7,7.7,89.0,1.8,0.4,5.2,4.5,1
OR,McMinnville,45588.0,85.2,21.2,82.2,0.7,1.2,1.5,20.6,1
OR,Medford,41931.0,86.4,23.0,86.0,0.9,1.2,1.5,13.8,3
OR,Oregon City,62858.0,92.6,11.6,91.1,0.6,0.9,1.7,7.3,1
OR,Portland,55003.0,91.3,18.0,76.1,6.3,1.0,7.1,9.4,7
OR,Salem,47191.0,86.9,18.2,79.0,1.5,1.5,2.7,20.3,2
OR,Seaside,37887.0,87.6,19.3,88.1,0.6,0.8,1.4,12.4,1
OR,Springfield,39729.0,86.2,21.5,85.9,1.1,1.4,1.3,12.1,1
OR,Tualatin,66384.0,92.5,11.7,80.4,1.2,0.7,3.5,17.3,1
OR,West Linn,85464.0,98.1,4.8,90.7,0.7,0.3,4.0,4.0,1
PA,Allentown,36930.0,77.3,26.5,58.5,12.5,0.8,2.2,42.8,2
PA,Avella,63333.0,84.1,10.7,96.4,1.9,0.2,0.1,1.0,1
PA,Bloomsburg,28071.0,87.8,34.1,89.6,6.2,0.1,1.6,3.4,1
PA,Campbelltown,65197.0,95.6,3.2,95.0,1.0,0.1,2.3,2.3,1
PA,Chambersburg,41751.0,81.1,22.3,77.0,9.2,0.3,1.4,15.7,1
PA,Chester,27365.0,79.5,34.6,17.2,74.7,0.4,0.6,9.0,3
PA,East Stroudsburg,40833.0,85.1,25.3,79.2,11.1,0.2,2.5,11.8,1
PA,Harrisburg,33289.0,79.9,31.8,30.7,52.4,0.5,3.5,18.0,1
PA,Hummelstown,48886.0,92.4,9.5,94.6,1.1,0.2,1.4,3.0,1
PA,Johnstown,24415.0,84.7,35.1,80.0,14.6,0.2,0.2,3.1,1
PA,Knoxville,43750.0,84.8,14.4,98.7,0.0,0.0,0.2,0.0,1
PA,Lancaster,35313.0,76.3,29.0,55.2,16.3,0.7,3.0,39.3,1
PA,Lewistown,30578.0,87.5,25.8,95.2,1.5,0.3,0.3,3.1,1
PA,Philadelphia,38253.0,82.0,26.4,41.0,43.4,0.5,6.3,12.3,9
PA,Pittsburgh,40715.0,91.4,22.9,66.0,26.1,0.2,4.4,2.3,2
PA,Pittston,35146.0,88.8,19.5,95.0,1.9,0.2,0.5,2.7,1
PA,Reading,26784.0,65.1,39.6,48.4,13.2,0.9,1.2,58.2,2
PA,Sharon,30720.0,86.5,24.5,80.4,14.6,0.2,0.5,1.8,1
PA,Somerset,35875.0,88.7,23.9,96.8,0.8,0.2,0.9,1.1,1
PA,South Greensburg,46528.0,92.5,8.3,97.3,0.9,0.2,0.5,0.9,1
PA,Stewartstown,55417.0,89.4,15.1,95.5,1.9,0.3,0.7,1.5,1
PA,West Chester,47042.0,91.3,26.2,78.7,12.1,0.2,1.4,13.4,1
PA,Wilkinsburg,32324.0,90.8,24.1,28.3,66.6,0.4,1.0,1.8,1
PA,York,29025.0,76.5,37.3,51.2,28.0,0.6,1.2,28.5,2
RI,Pawtucket,41789.0,78.4,20.6,66.5,13.4,0.6,1.5,19.7,1
RI,Tiverton,69054.0,89.4,6.8,95.7,1.2,0.1,1.0,1.7,1
SC,Aiken,55502.0,89.5,16.2,66.8,28.5,0.4,1.9,2.6,2
SC,Boiling Springs,64821.0,90.6,6.8,81.9,10.4,0.3,3.7,4.3,1
SC,Campobello,36458.0,82.2,23.8,86.7,9.4,0.0,2.2,1.6,1
SC,Cayce,43452.0,89.5,23.3,68.0,25.1,0.4,1.9,4.3,1
SC,Charleston,55546.0,93.6,17.8,70.2,25.4,0.2,1.6,2.9,1
SC,Fountain Inn,47816.0,90.8,13.0,63.7,31.2,0.3,0.3,6.0,1
SC,Goose Creek,61122.0,92.9,11.2,71.2,18.3,0.5,3.7,6.1,1
SC,Greenville,41924.0,87.7,19.3,64.0,30.0,0.3,1.4,5.9,3
SC,Hardeeville,41440.0,84.6,24.2,43.7,34.7,0.8,2.0,28.4,2
SC,Irmo,55168.0,92.6,16.4,64.6,29.9,0.4,1.6,3.3,2
SC,Iva,23641.0,66.4,26.9,91.3,6.4,0.7,0.8,0.2,1
SC,Johnsonville,45741.0,79.7,20.5,74.1,21.8,0.2,1.6,2.6,1
SC,Lake City,30992.0,72.1,29.7,19.4,77.5,0.3,0.3,3.0,1
SC,Lake View,28375.0,82.4,22.4,65.2,33.0,0.5,0.1,1.5,1
SC,Lancaster,29974.0,80.5,30.1,43.0,51.3,0.2,0.9,5.7,1
SC,Landrum,35823.0,84.0,20.1,81.5,13.0,0.3,0.9,4.3,1
SC,Latta,28421.0,78.8,31.1,59.2,38.4,0.4,0.1,1.2,1
SC,Lexington,60376.0,93.7,11.7,80.8,12.7,0.3,3.7,3.5,1
SC,Little Mountain,69063.0,94.4,2.7,81.8,16.5,0.7,0.3,0.0,1
SC,Moncks Corner,48325.0,84.7,14.2,57.7,36.0,0.5,0.5,5.1,1
SC,Myrtle Beach,36514.0,85.7,23.7,72.3,13.9,0.7,1.5,13.7,2
SC,North Charleston,39543.0,81.8,22.7,41.6,47.2,0.5,1.9,10.9,4
SC,Pelzer,38750.0,94.7,29.3,94.4,2.2,1.1,0.0,4.5,1
SC,Pendleton,24296.0,79.1,32.3,72.3,23.3,0.3,1.2,1.6,1
SC,Piedmont,37246.0,82.4,19.6,89.1,7.8,0.3,0.2,2.5,2
SC,Seneca,35609.0,84.3,23.3,65.3,29.0,0.3,0.9,4.5,1
SC,Spartanburg,35126.0,82.3,27.2,45.6,49.3,0.2,1.8,3.4,2
SC,Summerville,55476.0,92.9,13.0,72.1,21.4,0.4,1.5,5.0,1
SC,Sumter,38808.0,84.0,18.6,45.3,49.1,0.3,1.6,3.6,1
SC,Taylors,49283.0,88.1,16.3,76.9,14.9,0.2,2.5,8.3,2
SD,Kyle,20625.0,67.9,57.5,2.6,0.1,95.6,0.4,3.2,1
SD,Lead,41912.0,91.8,10.3,94.6,0.3,2.0,0.4,2.9,1
SD,Mitchell,47936.0,90.1,13.9,93.6,0.5,3.0,0.5,1.7,1
SD,Rapid City,46966.0,91.7,15.2,80.4,1.1,12.4,1.2,4.1,4
SD,Rapid Valley,58814.0,96.2,4.3,90.0,0.7,4.2,0.9,3.2,1
SD,Rosebud,31172.0,75.0,43.7,3.4,0.2,95.0,0.1,4.9,1
SD,Sioux Falls,52494.0,90.9,12.1,86.8,4.2,2.7,1.8,4.4,1
TN,Alamo,35441.0,76.1,21.9,72.3,15.8,0.0,0.1,11.9,2
TN,Arlington,93000.0,94.1,3.4,81.2,13.8,0.2,1.8,3.0,1
TN,Bristol,38551.0,83.5,16.3,93.3,3.4,0.3,0.7,1.9,1
TN,Chattanooga,40177.0,85.2,22.6,58.0,34.9,0.4,2.0,5.5,4
TN,Clarksville,46947.0,92.2,17.4,65.6,23.2,0.6,2.3,9.3,1
TN,Columbia,36426.0,85.1,23.2,72.1,20.8,0.3,0.8,7.0,1
TN,Dickson,37045.0,84.0,19.4,84.1,8.8,0.4,0.8,6.0,1
TN,East Ridge,38909.0,85.3,13.3,83.4,9.9,0.5,1.8,5.0,1
TN,Elizabethton,30217.0,81.9,23.7,94.0,3.1,0.1,0.6,2.0,1
TN,Estill Springs,46938.0,85.9,11.0,94.9,1.9,0.2,0.7,0.9,1
TN,Franklin,85671.0,94.5,6.9,84.4,6.7,0.2,3.8,7.6,1
TN,Gallatin,47957.0,85.1,12.8,77.7,14.7,0.3,0.8,8.0,1
TN,Gray,51542.0,90.8,9.4,96.4,0.7,0.2,0.2,2.0,1
TN,Hendersonville,61786.0,93.8,6.6,88.6,6.3,0.3,1.6,3.6,1
TN,Hohenwald,36050.0,80.9,29.5,93.8,3.2,0.1,0.8,2.0,1
TN,Humboldt,31684.0,81.1,22.9,49.0,47.9,0.1,0.2,3.1,1
TN,Jackson,38153.0,87.5,24.0,49.2,45.7,0.2,1.2,4.0,1
TN,Johnson City,39566.0,89.3,23.1,86.9,6.6,0.3,2.0,4.2,2
TN,Knoxville,34226.0,87.8,25.7,76.1,17.1,0.4,1.6,4.6,3
TN,Lakeland,96964.0,94.9,4.4,83.3,9.4,0.2,4.4,3.4,1
TN,Lenoir City,35163.0,73.0,27.8,87.3,1.6,0.5,0.6,17.5,2
TN,Lewisburg,34201.0,75.9,22.0,78.3,13.7,0.2,0.7,7.8,1
TN,McLemoresville,41250.0,85.3,26.8,88.9,9.4,0.0,0.3,0.0,1
TN,Memphis,36445.0,83.7,27.6,29.4,63.3,0.2,1.6,6.5,5
TN,Monteagle,39567.0,83.9,27.0,94.5,2.3,0.4,1.4,0.3,1
TN,Morristown,30846.0,77.0,28.9,77.2,6.7,0.5,0.9,19.7,1
TN,Oneida,29786.0,84.3,29.9,97.7,0.0,0.1,0.2,0.9,1
TN,Sevierville,34833.0,82.9,25.3,88.9,1.5,0.6,1.3,10.3,1
TN,Shelbyville,30744.0,73.3,26.9,68.3,14.1,0.5,0.7,20.3,1
TN,Soddy-Daisy,42861.0,84.2,10.7,96.9,0.7,0.4,0.3,1.6,1
TN,Somerville,29667.0,79.8,33.3,53.1,44.3,0.2,0.5,2.0,1
TN,Sparta,27320.0,79.2,24.3,91.0,5.6,0.4,0.5,1.8,1
TN,Spring Hill,78588.0,97.4,3.6,89.1,5.4,0.2,1.6,5.6,1
TX,Abilene,43189.0,83.5,19.1,75.5,9.6,0.7,1.7,24.5,1
TX,Addison,67695.0,94.0,10.0,67.7,11.8,0.4,7.4,25.2,1
TX,Allen,103051.0,95.6,5.5,72.0,8.4,0.5,12.9,11.2,2
TX,Amarillo,47735.0,83.4,17.0,77.0,6.6,0.8,3.2,28.8,4
TX,Arlington,53326.0,84.7,17.5,59.0,18.8,0.7,6.8,27.4,5
TX,Austin,57689.0,87.5,18.0,68.3,8.1,0.9,6.3,35.1,16
TX,Azle,55830.0,85.9,9.1,92.7,0.7,0.9,0.7,8.2,2
TX,Balch Springs,40230.0,64.0,25.0,50.7,24.3,1.4,0.9,45.8,1
TX,Baytown,48103.0,75.5,19.6,62.9,15.5,0.6,1.5,43.4,2
TX,Beaumont,40992.0,84.9,21.8,39.8,47.3,0.6,3.3,13.4,2
TX,Beckville,37917.0,77.1,26.3,64.5,23.8,0.5,0.1,13.8,1
TX,Bellville,50577.0,87.6,6.7,78.4,10.2,1.2,0.6,21.2,1
TX,Boerne,57047.0,89.8,9.7,90.3,0.6,0.4,0.8,22.7,1
TX,Brookshire,31523.0,62.1,21.5,40.6,35.6,0.8,0.4,47.3,1
TX,Brownsville,32894.0,64.1,33.7,88.0,0.4,0.4,0.7,93.2,1
TX,Carrollton,69368.0,85.3,9.5,63.6,8.4,0.6,13.4,30.0,1
TX,Chapeno,,33.3,31.7,100.0,0.0,0.0,0.0,97.9,1
TX,Cisco,31009.0,80.7,27.3,90.0,3.4,1.2,0.5,13.2,1
TX,Clute,45307.0,73.7,19.3,69.2,10.5,0.9,0.7,53.6,1
TX,Conroe,47680.0,75.0,19.3,69.7,10.3,1.2,1.8,38.5,2
TX,Corpus Christi,50658.0,81.4,17.5,80.9,4.3,0.6,1.8,59.7,2
TX,Dallas,43781.0,74.5,24.0,50.7,25.0,0.7,2.9,42.4,9
TX,Del Rio,41001.0,66.2,21.4,84.6,1.5,0.5,0.5,84.1,1
TX,Denton,49100.0,88.8,20.6,73.8,10.3,0.8,4.1,21.2,1
TX,DeSoto,59260.0,90.5,11.3,23.2,68.6,0.4,0.9,12.1,1
TX,Edinburg,43346.0,77.7,27.7,85.3,1.6,0.4,2.2,88.2,1
TX,El Paso,42772.0,78.0,20.9,80.8,3.4,0.7,1.2,80.7,7
TX,Euless,54974.0,90.3,12.2,66.0,10.7,0.6,10.3,19.0,2
TX,Fort Stockton,49868.0,72.3,10.3,79.4,2.1,0.7,0.8,73.7,1
TX,Fort Worth,53214.0,80.8,18.8,61.1,18.9,0.6,3.7,34.1,8
TX,Freeport,32060.0,66.3,26.5,65.0,12.2,0.8,0.5,59.9,1
TX,Friendswood,91458.0,95.0,5.7,86.6,3.4,0.4,4.8,12.5,1
TX,Fritch,57880.0,93.6,8.6,95.7,0.2,1.0,0.1,5.6,1
TX,Fulshear,175990.0,94.7,3.2,73.8,15.8,2.1,2.0,17.4,1
TX,Garland,51970.0,76.3,17.2,57.5,14.5,0.8,9.4,37.8,2
TX,Gilmer,46122.0,80.8,13.1,74.9,18.0,0.7,0.8,7.0,1
TX,Gladewater,37819.0,81.1,28.1,75.7,17.6,0.8,0.6,6.4,1
TX,Groveton,30684.0,73.0,39.7,78.2,13.0,0.6,0.1,13.7,1
TX,Harker Heights,64494.0,91.7,17.1,62.9,20.0,1.0,3.9,18.4,1
TX,Houston,46187.0,76.7,22.5,50.5,23.7,0.7,6.0,43.8,26
TX,Hurst,53788.0,85.5,12.8,80.9,5.6,0.7,2.3,20.1,1
TX,Hutchins,36403.0,72.2,25.7,44.5,39.4,0.8,0.3,35.3,1
TX,Irving,52154.0,79.7,15.1,53.1,12.3,0.9,14.0,41.1,4
TX,Jourdanton,54375.0,75.8,10.7,87.1,0.5,0.7,0.3,54.8,1
TX,Katy,70526.0,84.1,8.4,80.1,5.3,0.6,1.5,29.0,1
TX,Kerrville,39206.0,85.7,15.6,86.3,3.1,0.6,0.9,27.4,2
TX,Killeen,47763.0,91.6,15.2,45.1,34.1,0.8,4.0,22.9,1
TX,Kingsbury,43559.0,80.2,18.8,89.0,1.3,0.4,1.0,18.2,1
TX,Lake Jackson,73399.0,92.9,8.3,84.4,5.1,0.5,3.1,20.5,2
TX,Laredo,39711.0,66.3,30.8,87.7,0.5,0.4,0.6,95.6,3
TX,Levelland,48802.0,77.9,15.4,75.5,5.1,0.9,0.4,48.2,1
TX,Llano,35950.0,80.5,27.1,93.4,0.5,1.3,0.6,12.9,1
TX,Lockhart,48884.0,79.8,13.1,73.0,9.4,0.8,0.4,51.1,1
TX,Longview,44544.0,83.5,17.9,63.3,22.9,0.5,1.4,18.0,2
TX,Lorena,53125.0,88.9,12.8,93.6,0.9,0.1,0.9,9.9,1
TX,Lufkin,39890.0,77.2,23.7,56.7,27.4,0.5,1.7,24.1,1
TX,Mabank,33764.0,81.6,24.2,88.8,4.0,0.7,1.2,8.7,1
TX,McKinney,81459.0,92.2,7.4,74.8,10.5,0.7,4.1,18.6,1
TX,Mansfield,90089.0,94.4,6.2,73.5,14.2,0.6,3.7,15.4,1
TX,Mesquite,49604.0,80.7,15.4,59.0,21.8,0.8,3.2,31.6,1
TX,Mesquite,,7.9,26.9,100.0,0.0,0.0,0.0,95.6,1
TX,Midland,69173.0,83.0,9.3,75.5,7.9,0.7,1.4,37.6,2
TX,Midlothian,74881.0,92.2,5.3,88.5,3.6,0.4,0.8,15.2,1
TX,Mission,41818.0,71.9,26.0,88.6,0.7,0.3,1.5,85.4,3
TX,Nacogdoches,32357.0,85.2,30.0,58.5,28.8,0.5,1.8,16.8,1
TX,Nocona,34028.0,72.1,31.7,89.7,0.5,0.8,0.2,19.1,1
TX,Odessa,59337.0,76.4,12.1,75.4,5.7,1.0,1.1,50.6,3
TX,Onalaska,33250.0,74.8,33.2,90.9,5.0,1.0,0.7,3.5,1
TX,Palestine,36348.0,81.7,23.8,62.1,23.3,0.5,0.9,21.9,1
TX,Panhandle,73380.0,94.9,11.0,94.0,0.6,1.3,0.2,9.8,1
TX,Paris,32025.0,84.1,25.6,67.4,23.4,1.5,0.9,8.2,1
TX,Pearland,95972.0,93.1,4.5,62.0,16.4,0.5,12.4,20.5,1
TX,Pharr,34708.0,62.0,33.9,85.1,0.6,0.5,0.5,93.0,1
TX,Plano,83793.0,93.5,7.5,66.9,7.6,0.4,16.9,14.7,1
TX,Ponder,87258.0,88.6,3.4,91.4,3.1,0.4,0.4,12.5,1
TX,Port Arthur,32863.0,71.9,27.3,36.1,40.7,0.7,5.9,29.6,1
TX,Rosenberg,44916.0,74.6,20.7,61.1,13.4,0.6,1.0,60.3,1
TX,Rosser,41071.0,67.1,30.7,61.7,31.9,1.5,0.0,6.3,1
TX,Saginaw,74903.0,92.1,7.5,83.0,4.3,0.8,1.8,23.6,1
TX,San Angelo,44802.0,82.9,16.1,80.4,4.6,0.8,1.1,38.5,1
TX,San Antonio,46744.0,81.4,19.8,72.6,6.9,0.9,2.4,63.2,20
TX,Seagoville,43641.0,72.2,15.8,67.2,16.8,1.0,0.5,32.7,1
TX,Sierra Blanca,45278.0,79.0,28.5,83.9,3.3,3.4,1.4,73.1,1
TX,Splendora,37431.0,72.0,31.5,92.6,1.1,0.2,0.7,9.8,1
TX,Spring,66484.0,90.4,11.2,63.8,19.5,0.6,3.1,28.4,1
TX,Springtown,47826.0,89.6,19.4,93.5,0.8,1.0,0.3,9.1,1
TX,Tahoka,39313.0,84.6,18.3,78.6,3.9,1.5,0.2,49.7,1
TX,Temple,47475.0,87.9,17.9,68.1,16.9,0.6,2.1,23.7,1
TX,Terrell,38055.0,76.2,21.4,57.0,27.4,0.6,0.5,25.6,1
TX,Tomball,44086.0,88.8,22.7,82.7,6.3,0.8,1.1,17.0,1
TX,Victoria,48658.0,81.3,18.0,76.2,7.7,0.6,1.4,48.3,1
TX,Waco,33147.0,79.2,29.0,59.2,21.5,0.6,1.8,29.6,1
TX,Weatherford,57257.0,89.3,10.6,89.4,2.4,0.8,0.9,13.6,4
TX,Webster,44758.0,83.5,17.6,59.6,13.6,0.7,4.5,34.0,1
TX,West Odessa,51275.0,67.5,15.5,78.7,1.1,1.1,0.2,61.8,1
TX,Whitewright,35938.0,80.3,18.4,85.7,8.3,0.5,0.1,5.7,1
TX,Wichita Falls,44543.0,85.3,19.8,73.2,12.7,1.0,2.4,18.9,1
TX,Wink,68882.0,88.3,14.6,85.2,0.7,0.6,0.0,27.0,1
TX,Winnie,43601.0,70.8,13.7,81.3,3.3,0.8,0.4,23.0,1
UT,Centerville,78438.0,97.4,4.5,95.1,0.4,0.3,1.2,3.7,1
UT,Clearfield,48866.0,92.3,13.1,81.6,3.1,0.8,2.6,16.1,1
UT,Draper,95804.0,96.8,4.9,90.4,1.4,0.6,2.5,7.0,1
UT,Eagle Mountain,69018.0,95.5,5.8,91.9,0.6,0.5,0.6,8.6,1
UT,Logan,36032.0,88.8,26.5,83.9,1.0,1.0,3.3,13.9,1
UT,Ogden,41036.0,82.3,22.9,75.2,2.2,1.4,1.2,30.1,2
UT,Parowan,36209.0,95.5,13.3,96.6,0.2,0.6,0.2,4.8,1
UT,Provo,41291.0,90.5,28.8,84.8,0.7,0.8,2.5,15.2,1
UT,Roosevelt,62351.0,88.7,13.5,82.3,0.3,8.2,0.5,9.2,1
UT,Roy,62598.0,90.7,12.1,87.0,1.1,0.6,1.9,13.5,1
UT,Salt Lake City,47243.0,87.4,20.3,75.1,2.7,1.2,4.4,22.3,4
UT,Spanish Fork,65294.0,91.1,7.1,90.9,0.4,0.5,0.6,10.6,2
UT,Syracuse,86869.0,97.5,3.0,92.2,0.8,0.3,1.9,6.0,1
UT,West Jordan,68442.0,90.7,9.1,82.4,1.0,0.7,2.7,17.7,2
VT,Burlington,44671.0,89.0,24.8,88.9,3.9,0.3,3.6,2.7,2
VT,Winooski,45974.0,85.0,26.1,82.6,6.9,0.3,6.2,2.2,1
VA,Alexandria,89134.0,91.5,8.3,60.9,21.8,0.4,6.0,16.1,1
VA,Arlington,105763.0,93.5,9.0,71.7,8.5,0.5,9.6,15.1,2
VA,Chesapeake,68620.0,91.1,9.7,62.6,29.8,0.4,2.9,4.4,2
VA,Concord,58250.0,71.3,1.9,85.9,11.7,0.1,0.2,1.9,1
VA,Culpeper,57551.0,82.1,13.6,61.5,21.9,0.6,2.1,17.0,1
VA,Emporia,28601.0,74.7,34.9,32.7,62.5,0.3,0.7,4.4,1
VA,Falls Church,120522.0,97.7,2.7,79.9,4.3,0.3,9.4,9.0,1
VA,Fredericksburg,51762.0,91.0,16.5,64.2,22.6,0.4,2.8,10.7,1
VA,Grundy,40066.0,81.3,12.9,85.9,10.0,0.1,1.5,3.1,1
VA,Harrisonburg,38750.0,84.1,32.5,78.4,6.4,0.3,3.5,15.7,1
VA,Herndon,101872.0,84.3,7.8,50.7,9.5,0.7,17.9,33.6,1
VA,Hopewell,39064.0,80.9,19.0,55.4,37.0,0.4,0.8,6.6,1
VA,King George,83208.0,90.3,5.6,75.4,18.3,0.4,1.1,3.6,1
VA,Newport News,50077.0,89.0,15.7,49.0,40.7,0.5,2.7,7.5,2
VA,Norfolk,44480.0,87.0,21.0,47.1,43.1,0.5,3.3,6.6,7
VA,Pearisburg,46792.0,86.9,7.8,96.3,2.3,0.1,0.4,1.0,1
VA,Portsmouth,45676.0,83.6,18.2,41.6,53.3,0.4,1.1,3.1,2
VA,Pulaski,37485.0,80.4,21.1,89.0,7.8,0.3,0.6,1.9,2
VA,Richmond,40758.0,83.2,25.5,40.8,50.6,0.3,2.3,6.3,4
VA,Roanoke,39930.0,84.4,21.2,64.2,28.5,0.3,1.8,5.5,1
VA,Suffolk,65499.0,87.5,11.5,52.3,42.7,0.3,1.6,2.9,1
VA,Virginia Beach,66634.0,93.3,8.3,67.7,19.6,0.4,6.1,6.6,2
VA,Winchester,45363.0,84.2,16.0,74.5,10.9,0.4,2.3,15.4,1
WA,Auburn,59347.0,87.6,15.9,70.5,4.9,2.3,8.9,12.9,2
WA,Bainbridge Island,101689.0,98.4,5.4,91.0,0.4,0.5,3.2,3.9,1
WA,Bellingham,43536.0,92.7,23.0,84.9,1.3,1.3,5.1,7.0,1
WA,Burien,53712.0,83.3,18.2,63.5,5.9,1.5,9.9,20.7,2
WA,Cle Elum,45324.0,90.6,21.8,92.1,0.4,0.7,1.0,5.8,1
WA,Des Moines,58057.0,85.3,13.7,63.5,9.1,1.1,10.7,15.2,2
WA,East Wenatchee,53206.0,81.4,16.9,80.1,0.3,1.2,0.9,23.4,1
WA,Everett,49578.0,88.1,17.6,74.6,4.1,1.4,7.8,14.2,1
WA,Federal Way,55673.0,89.9,15.4,57.5,9.7,0.9,14.2,16.2,1
WA,Fife,55603.0,88.8,14.8,55.2,8.2,3.0,15.5,17.4,1
WA,Graham,74107.0,94.5,5.1,82.6,4.0,1.2,2.8,6.3,1
WA,Grapeview,62560.0,90.1,25.5,93.4,0.2,0.1,1.6,2.2,1
WA,Kelso,33843.0,83.0,30.6,85.2,0.8,2.1,1.6,11.3,2
WA,Kennewick,51661.0,86.5,18.1,78.5,1.7,0.8,2.4,24.2,1
WA,Kent,60191.0,85.4,15.5,55.5,11.3,1.0,15.2,16.6,2
WA,Kirkland,92127.0,96.3,6.3,79.3,1.8,0.4,11.3,6.3,1
WA,Lacey,59407.0,93.6,9.9,74.2,5.4,1.2,8.0,9.2,1
WA,Lake Stevens,74159.0,90.7,9.0,85.1,1.7,0.9,3.6,8.6,2
WA,Lakewood,44902.0,88.1,20.7,59.3,11.8,1.3,9.0,15.3,2
WA,Lynnwood,50554.0,88.3,16.0,63.8,5.5,1.1,17.3,13.3,1
WA,Olympia,53617.0,93.3,17.7,83.7,2.0,1.1,6.0,6.3,1
WA,Pasco,55319.0,71.9,18.8,55.8,1.9,0.5,1.9,55.7,1
WA,Richland,67483.0,95.4,10.6,87.0,1.4,0.8,4.7,7.8,1
WA,Ridgefield,79243.0,96.5,7.9,92.4,0.9,0.8,2.0,5.1,1
WA,Seattle,70594.0,93.4,13.5,69.5,7.9,0.8,13.8,6.6,6
WA,Shelton,37072.0,80.1,28.6,78.9,0.8,3.7,1.1,19.2,1
WA,Snohomish,55648.0,92.2,12.7,89.0,0.5,1.1,2.1,8.0,1
WA,Spanaway,59303.0,87.7,12.8,63.7,10.8,1.1,6.6,10.6,1
WA,Spokane,42386.0,91.6,19.9,86.7,2.3,2.0,2.6,5.0,4
WA,Sumas,55161.0,80.5,8.0,83.7,1.5,2.4,1.5,15.8,1
WA,Tacoma,52042.0,87.6,18.0,64.9,11.2,1.8,8.2,11.3,4
WA,Tukwila,45923.0,82.7,23.7,43.9,17.9,1.1,19.0,17.5,1
WA,Vancouver,50626.0,89.7,14.8,80.9,2.9,1.0,5.0,10.4,4
WA,Wapato,32722.0,44.4,36.6,17.2,0.3,6.6,1.3,84.2,1
WA,Wenatchee,46865.0,81.4,14.0,76.7,0.4,1.2,1.1,29.4,1
WA,Woodland,62430.0,82.0,19.4,86.4,0.9,0.7,0.8,16.6,1
WA,Yakima,40726.0,73.3,23.0,67.1,1.7,2.0,1.5,41.3,1
WV,Beckley,34944.0,86.1,21.8,72.3,21.2,0.3,2.4,1.5,1
WV,Bluefield,34972.0,85.6,23.4,73.7,23.0,0.3,0.5,0.9,1
WV,Brandywine,27679.0,60.9,23.5,96.3,0.5,0.0,0.0,0.0,1
WV,Buckhannon,30833.0,86.7,28.2,94.5,2.1,0.2,0.9,2.5,1
WV,Clendenin,42461.0,82.2,12.6,98.7,0.2,0.0,0.3,0.1,1
WV,Elkins,38214.0,88.8,19.4,96.5,1.2,0.2,0.8,1.1,1
WV,Fairmont,36086.0,88.1,24.9,88.9,7.5,0.2,0.6,1.4,1
WV,Follansbee,51144.0,87.6,18.0,97.6,0.3,0.1,0.2,0.7,1
WV,Fort Ashby,26410.0,95.0,15.7,99.1,0.1,0.1,0.4,0.5,1
WV,Grafton,34844.0,84.8,20.1,97.1,0.7,0.3,0.2,0.9,1
WV,Hometown,85714.0,86.1,14.9,98.7,0.0,0.0,0.1,0.4,1
WV,Meadow Bridge,35192.0,70.4,26.1,99.2,0.0,0.0,0.3,0.3,1
WV,Montcalm,24375.0,71.8,48.5,97.7,0.4,0.8,0.6,0.0,1
WV,Morgantown,34090.0,93.7,34.1,89.7,4.1,0.1,3.4,2.6,3
WV,Mount Hope,21218.0,88.1,42.3,77.0,18.0,0.5,0.4,1.6,1
WV,Nitro,43434.0,90.6,12.9,94.7,2.3,0.5,0.6,1.6,1
WV,Princeton,30856.0,76.6,31.6,90.7,6.3,0.3,0.8,1.1,2
WV,Spencer,22453.0,75.1,30.8,97.5,0.0,0.1,0.3,1.7,1
WV,Weirton,39832.0,89.8,17.2,93.7,3.9,0.1,0.5,1.0,1
WI,Antigo,34225.0,88.1,22.1,95.1,0.5,1.4,0.4,2.7,1
WI,Appleton,53588.0,92.3,11.9,87.5,1.7,0.7,5.9,5.0,1
WI,Ashwaubenon,49924.0,93.8,9.6,90.6,1.2,2.1,3.1,2.8,1
WI,Beaver Dam,46728.0,88.2,12.7,93.0,0.8,0.3,1.0,7.5,1
WI,East Troy,49013.0,92.3,21.4,95.9,0.4,0.5,0.6,4.0,1
WI,Eau Claire,43541.0,94.1,18.7,91.4,1.1,0.5,4.6,1.9,4
WI,Fond du Lac,46499.0,91.1,13.4,90.6,2.5,0.7,1.8,6.4,1
WI,Green Bay,42826.0,86.6,18.2,77.9,3.5,4.1,4.0,13.4,1
WI,Greenfield,51149.0,91.4,9.8,88.6,2.3,0.7,3.9,8.4,1
WI,Jackson,54750.0,92.5,6.5,96.9,0.5,0.2,0.7,2.2,1
WI,Kenosha,49160.0,88.6,19.5,77.1,10.0,0.6,1.7,16.3,1
WI,Lake Hallie,64222.0,94.4,6.3,94.3,0.6,0.6,2.4,1.7,1
WI,Madison,54896.0,94.8,19.0,78.9,7.3,0.4,7.4,6.8,2
WI,Millston,50536.0,82.0,14.7,96.0,0.0,3.2,0.0,2.4,1
WI,Milwaukee,35958.0,82.1,28.7,44.8,40.0,0.8,3.5,17.3,7
WI,Monroe,39698.0,90.5,15.2,94.8,0.6,0.2,0.7,4.9,1
WI,Neenah,54134.0,94.0,10.8,93.7,1.3,0.7,1.4,3.8,1
WI,New London,44977.0,88.6,16.0,93.2,0.2,0.7,0.9,6.9,1
WI,Oshkosh,42650.0,89.3,17.9,90.5,3.1,0.8,3.2,2.7,1
WI,Paddock Lake,65250.0,91.8,11.8,95.5,0.5,0.5,0.3,5.2,1
WI,Pembine,59821.0,100.0,18.6,96.9,0.0,0.0,0.0,1.6,1
WI,Pine River,33571.0,89.6,27.2,98.0,0.0,2.0,0.0,0.0,1
WI,Rib Mountain,77591.0,96.8,3.4,93.1,0.2,0.3,5.6,1.0,1
WI,Sheboygan,43381.0,87.7,14.2,82.5,1.8,0.5,9.0,9.9,1
WI,Waukesha,59547.0,92.7,11.3,88.1,2.3,0.4,3.5,12.1,1
WI,Wausau,41575.0,89.1,16.6,83.7,1.4,0.8,11.1,2.9,1
WI,Wauwatosa,69460.0,96.6,6.4,89.6,4.5,0.3,2.8,3.1,2
WI,West Allis,45221.0,90.0,14.3,86.7,3.6,1.1,2.0,9.6,1
WI,Weston,49276.0,91.4,15.5,87.7,0.8,0.4,8.7,2.0,1
WY,Casper,57790.0,91.8,10.5,92.3,1.0,0.9,0.8,7.4,2
WY,Cheyenne,58219.0,93.4,11.2,87.4,2.9,1.0,1.2,14.5,1
WY,Douglas,60060.0,91.2,9.2,94.4,0.3,0.8,0.2,7.6,2
WY,Gillette,74165.0,90.4,9.0,92.2,0.4,1.2,0.7,9.5,1
WY,Laramie,39371.0,96.7,30.0,89.5,1.3,0.7,3.2,9.2,1
WY,Rawlins,56838.0,88.3,15.7,84.7,1.1,1.3,1.0,24.3,1
